,image_id,image_location,turtle_id
0,ID_2RK4WLN8,top,t_id_VP2NW7aV
1,ID_VVW0QXLX,left,t_id_qZ0iZYsC
2,ID_RVATH2HZ,Right,t_id_3b65X5Lw
3,ID_2GB90GPS,left,t_id_YjXYTCGC
4,ID_LM6S0B1M,top,t_id_d6aYXtor
5,ID_M23WYAY4,left,t_id_ksTLswDT
6,ID_8VXV1HDO,top,t_id_hRzOoJ2t
7,ID_RHU29QC9,left,t_id_utw0thCe
8,ID_4SG74XJ1,Top,t_id_k1rScFLB
9,ID_KXCS1UOR,left,t_id_n2FBHk6d
10,ID_7Y87NI7I,right,t_id_ZfvZBX4Q
11,ID_ZLVRXJZR,left,t_id_G5eoqwD8
12,ID_A1Z8O31H,top,t_id_FBsGDJhU
13,ID_V9OTO8MH,right,t_id_Ts5LyVQz
14,ID_6Y4FG4BB,right,t_id_NW7wn8TC
15,ID_2LXSCM50,left,t_id_JI6ba2Yx
16,ID_TGN9OBL2,left,t_id_ifWwxWF4
17,ID_ULAKU6DJ,right,t_id_uIlC9Gfo
18,ID_S6FL4KD3,right,t_id_dVQ4x3wz
19,ID_3L6M3RWM,right,t_id_3K93fQBS
20,ID_Z8AKLN0N,left,t_id_hRzOoJ2t
21,ID_10S4M153,top,t_id_IlO9BOKc
22,ID_XP6OWWQW,right,t_id_DPYQnZyv
23,ID_SCKMVRWX,left,t_id_ROFhVsy2
24,ID_XZJJ5JKN,right,t_id_BI99coHt
25,ID_I7XE1RII,left,t_id_GrxmyS59
26,ID_JICN2IP3,right,t_id_AOWArhGb
27,ID_891VOTKK,left,t_id_4XiPKIk7
28,ID_WWMKB8ZD,top,t_id_mpuNp8mf
29,ID_O3K6N0PN,left,t_id_stWei2Uq
30,ID_3SY3WRKR,top,t_id_15bo4NKD
31,ID_R1R94L1C,left,t_id_QqeoI5F3
32,ID_F84YDUV1,left,t_id_NW7wn8TC
33,ID_Y3N4ES3O,right,t_id_Kf73l69A
34,ID_EU9I4R8T,left,t_id_Kf73l69A
35,ID_1E6X2GLW,right,t_id_Kc1tXDbJ
36,ID_ZT7NN2BN,top,t_id_AOWArhGb
37,ID_HDJEY7GV,right,t_id_2Yn71r7R
38,ID_VXC0GWEK,top,t_id_iZQiE7wb
39,ID_1EAHT0TG,right,t_id_m2JvEcsg
40,ID_V1PZ6AR5,top,t_id_a4VYrmyA
41,ID_IS1EW5KB,top,t_id_hRzOoJ2t
42,ID_BPL211JZ,Right,t_id_3b65X5Lw
43,ID_MHIMCE5O,left,t_id_UVQa4BMz
44,ID_19M73WWV,right,t_id_tjWepji1
45,ID_2A9SNF98,right,t_id_hRzOoJ2t
46,ID_JZZF3AJ5,right,t_id_UVQa4BMz
47,ID_PITDB70K,left,t_id_BXWccqAn
48,ID_489B62RG,right,t_id_1KIezxkh
49,ID_X8HHIP6P,left,t_id_e9i3Lbq4
50,ID_E3U6IY1D,top,t_id_AOWArhGb
51,ID_4G07YNGA,left,t_id_YjXYTCGC
52,ID_P7LXRA4M,left,t_id_4XiPKIk7
53,ID_IOKYX7ZF,right,t_id_Kf73l69A
54,ID_I3A1FMQ8,right,t_id_qZ0iZYsC
55,ID_G0B2CPBT,left,t_id_bYageLYA
56,ID_BW9BPB5F,left,t_id_AOWArhGb
57,ID_N7VYJGMW,right,t_id_JI6ba2Yx
58,ID_46LUQOPY,right,t_id_8b8sprYe
59,ID_IZB1O90H,right,t_id_2QmcRkNj
60,ID_G7D2IW6Z,top,t_id_UVQa4BMz
61,ID_E1VTOK0D,right,t_id_iZQiE7wb
62,ID_BP9DTP1R,top,t_id_9GFmcOd5
63,ID_I3BS8QHQ,left,t_id_smNwfXAT
64,ID_6Z5TCW8Q,top,t_id_hibDzPAP
65,ID_XLATFLE4,top,t_id_D3kHUEgp
66,ID_Z2ILP0TR,top,t_id_e9i3Lbq4
67,ID_FVIB6JCX,left,t_id_ROFhVsy2
68,ID_PVJNH2XA,top,t_id_Ts5LyVQz
69,ID_D0KS9Z47,top,t_id_mpuNp8mf
70,ID_36LEVX0D,right,t_id_ksTLswDT
71,ID_DY6J47U4,right,t_id_Ts5LyVQz
72,ID_9ITS1S4K,Top,t_id_B7LaSiac
73,ID_T44CRJ0L,top,t_id_Kf73l69A
74,ID_UDWBD3B8,top,t_id_VP2NW7aV
75,ID_H20MDDZJ,top,t_id_qZ0iZYsC
76,ID_TIPS2OY1,left,t_id_m2JvEcsg
77,ID_3XOEESPD,top,t_id_fjHGjp1w
78,ID_FOD2ERLL,top,t_id_gJaKYxBQ
79,ID_BKVAYKO9,right,t_id_72SiiZCp
80,ID_P8HXJ2SR,left,t_id_8b8sprYe
81,ID_5H36XGUB,top,t_id_Kf73l69A
82,ID_3G500MQW,left,t_id_IP1t15lD
83,ID_EPVDPWJW,right,t_id_uJXT7dGu
84,ID_8TZXG7TF,left,t_id_7gFFZy7i
85,ID_XZNBVORT,right,t_id_uJXT7dGu
86,ID_CFRODR7F,top,t_id_YjXYTCGC
87,ID_2OORWNWM,right,t_id_hRzOoJ2t
88,ID_VIN9WYSK,top,t_id_72SiiZCp
89,ID_36IV1E98,top,t_id_87CLFCvE
90,ID_XRWSJPHZ,left,t_id_DPYQnZyv
91,ID_EMH5M4GV,left,t_id_ROFhVsy2
92,ID_PKH2VH9R,top,t_id_VP2NW7aV
93,ID_ZSBS0O3K,top,t_id_ROFhVsy2
94,ID_MRC6SLLH,top,t_id_J5dngbNA
95,ID_Q31894PE,top,t_id_HcnnlRda
96,ID_HPQ5LB6B,top,t_id_WDCMGvI4
97,ID_X544I2JH,right,t_id_ROFhVsy2
98,ID_1DDCV5Q1,right,t_id_stWei2Uq
99,ID_ZTSBEHTH,top,t_id_dVQ4x3wz
100,ID_0GMRVK1K,right,t_id_uJXT7dGu
101,ID_OMJ51VAU,left,t_id_Kf73l69A
102,ID_75Q12DUU,left,t_id_fjHGjp1w
103,ID_3MZMD48C,right,t_id_m2JvEcsg
104,ID_HDQ2HTRZ,left,t_id_DPYQnZyv
105,ID_R34ZH4EL,left,t_id_Kf73l69A
106,ID_51GXXQ2Y,right,t_id_JI6ba2Yx
107,ID_8RH9U956,right,t_id_utw0thCe
108,ID_DLCCII6A,top,t_id_g9Fz8PH7
109,ID_1Y1QRZWC,top,t_id_BXWccqAn
110,ID_IPBCA1K4,top,t_id_SwQZGIpa
111,ID_232HUB3N,right,t_id_IlO9BOKc
112,ID_CPRH40QQ,Right,t_id_p77GDtzg
113,ID_0ZZ13T2Q,left,t_id_Kf73l69A
114,ID_N9HS1KQF,left,t_id_D0gA44av
115,ID_3DCZRDYS,top,t_id_JI6ba2Yx
116,ID_BFEIUVKE,left,t_id_OqU1NWEA
117,ID_C9Z8OH3Q,right,t_id_VP2NW7aV
118,ID_X88JUXRH,top,t_id_MwnEYfqe
119,ID_3G585E73,right,t_id_QqeoI5F3
120,ID_JQ880K3B,top,t_id_YjXYTCGC
121,ID_MZJ7T2HY,Right,t_id_HxxqrdTx
122,ID_3KQPOZH2,right,t_id_IP3xtKuX
123,ID_08VEIX80,top,t_id_Ts5LyVQz
124,ID_EHBK5QZB,right,t_id_SwQZGIpa
125,ID_TJQHHY6Z,right,t_id_JI6ba2Yx
126,ID_9P43KND6,right,t_id_uJXT7dGu
127,ID_I9I34HP4,top,t_id_hRzOoJ2t
128,ID_29XH0KCY,top,t_id_BI99coHt
129,ID_UG2TVKMW,left,t_id_8b8sprYe
130,ID_PG9GEBED,left,t_id_qZ0iZYsC
131,ID_S92A4W3D,right,t_id_4ZfTUmwL
132,ID_XNPX3JSB,left,t_id_DbmclTcj
133,ID_4G43AB8P,top,t_id_AMnriNb5
134,ID_FI2HUMDU,top,t_id_dVQ4x3wz
135,ID_C8VF2TP8,right,t_id_2QmcRkNj
136,ID_89PTEHFL,left,t_id_fxTQ5vHC
137,ID_A23ODPZB,left,t_id_4XiPKIk7
138,ID_RO6NL9CS,top,t_id_J24awAHQ
139,ID_TMGBD56H,right,t_id_QqeoI5F3
140,ID_C0THF948,left,t_id_DPYQnZyv
141,ID_VBPPR3Y7,right,t_id_DbmclTcj
142,ID_TM5CCJQ7,left,t_id_GrxmyS59
143,ID_NO9OIJ2H,top,t_id_G5eoqwD8
144,ID_86H4SWHF,right,t_id_0g31STvR
145,ID_X9LXO5HR,right,t_id_G5eoqwD8
146,ID_AHAESL2D,right,t_id_Imm5pnNf
147,ID_EFS5ZIVU,right,t_id_WXXcPTSW
148,ID_G7ZC3IXH,right,t_id_IlO9BOKc
149,ID_O1BPUT8S,top,t_id_VFb44eFm
150,ID_J2Y1DSBL,top,t_id_uMOOrQu7
151,ID_HLRPJPLM,top,t_id_3fKmnkBS
152,ID_TMN5YR5U,top,t_id_Kc1tXDbJ
153,ID_L547VRCF,right,t_id_mpuNp8mf
154,ID_3RBHM6FO,right,t_id_iZQiE7wb
155,ID_ENXXPGGR,right,t_id_8b8sprYe
156,ID_YR8D6IQ6,top,t_id_fxTQ5vHC
157,ID_JF4O7LG2,right,t_id_GrxmyS59
158,ID_J3FIC6EP,Top,t_id_p77GDtzg
159,ID_8DDL17XK,Left,t_id_HxxqrdTx
160,ID_Q3U7PBL2,top,t_id_NW7wn8TC
161,ID_IFO678V1,left,t_id_AOWArhGb
162,ID_HW28KOA7,Left,t_id_B7LaSiac
163,ID_GS2F2MW5,right,t_id_mXD9Bjsb
164,ID_YB3TP5OR,right,t_id_WDCMGvI4
165,ID_XAO3YF62,top,t_id_D0gA44av
166,ID_C1BYU1PB,top,t_id_J24awAHQ
167,ID_B61OR82C,left,t_id_15bo4NKD
168,ID_Y9NYWUY6,left,t_id_uJXT7dGu
169,ID_ZH72MNHJ,left,t_id_gGQbn7FA
170,ID_EAY71H9C,top,t_id_G5JLzvai
171,ID_4LFAG0GT,left,t_id_EEbWq5Pj
172,ID_K7F402DY,right,t_id_fxTQ5vHC
173,ID_HDPVDTHZ,Left,t_id_GOIvCduN
174,ID_AYYF9AA5,right,t_id_smNwfXAT
175,ID_3VW2J1FZ,right,t_id_fxTQ5vHC
176,ID_LH598T6E,right,t_id_hRzOoJ2t
177,ID_7OYMWNUE,right,t_id_D3kHUEgp
178,ID_D329XY40,left,t_id_OqU1NWEA
179,ID_BPU39K37,right,t_id_a4VYrmyA
180,ID_FIGY3T6W,left,t_id_9GFmcOd5
181,ID_VL36TJCA,right,t_id_JI6ba2Yx
182,ID_1BWWORQD,left,t_id_8b8sprYe
183,ID_BKAN6GHT,left,t_id_bYageLYA
184,ID_1SPFXL92,top,t_id_JI6ba2Yx
185,ID_V8HWPX4S,top,t_id_8b8sprYe
186,ID_546OK6LK,left,t_id_YjXYTCGC
187,ID_DJI922WL,left,t_id_pCO59rOk
188,ID_3FEFN3JQ,top,t_id_JI6ba2Yx
189,ID_M760T3Y0,left,t_id_pCO59rOk
190,ID_LAB3YXQM,right,t_id_D0gA44av
191,ID_9D7O7BNO,Right,t_id_GOIvCduN
192,ID_SZ71OF5U,top,t_id_iD9ikw6Y
193,ID_J4LJW3XC,left,t_id_dVQ4x3wz
194,ID_L93UPACV,right,t_id_uIlC9Gfo
195,ID_IDKTP9P7,Left,t_id_HxxqrdTx
196,ID_O1OIO05P,left,t_id_VP2NW7aV
197,ID_AHKMI3EV,Top,t_id_GOIvCduN
198,ID_5AD65I4B,right,t_id_VP2NW7aV
199,ID_FL86KCKT,left,t_id_2QmcRkNj
200,ID_8IOQ3H20,top,t_id_pCO59rOk
201,ID_P1M2DQ92,right,t_id_87CLFCvE
202,ID_PYUU50JJ,left,t_id_hRzOoJ2t
203,ID_ISM3W0LK,top,t_id_a4VYrmyA
204,ID_XHXFJ7S5,right,t_id_dVQ4x3wz
205,ID_X5IGA7ZC,left,t_id_tjWepji1
206,ID_Z5PB47TH,left,t_id_FBsGDJhU
207,ID_C0XD1GPV,top,t_id_uMOOrQu7
208,ID_P4F3CMRN,left,t_id_72SiiZCp
209,ID_YM0BCX48,left,t_id_bYageLYA
210,ID_PV8A8TSR,right,t_id_Kf73l69A
211,ID_VXBRYHSY,right,t_id_UVQa4BMz
212,ID_VF3L51JZ,left,t_id_SwQZGIpa
213,ID_0S8W21AW,top,t_id_0g31STvR
214,ID_AS53QVYU,left,t_id_3K93fQBS
215,ID_CM43B6M7,right,t_id_dVQ4x3wz
216,ID_H44WASZ9,left,t_id_uJXT7dGu
217,ID_95CNJ5F9,top,t_id_dVQ4x3wz
218,ID_AKFBYQEI,top,t_id_Kf73l69A
219,ID_GBIPGKYA,top,t_id_ZfvZBX4Q
220,ID_BAAEO834,left,t_id_IP1t15lD
221,ID_5J29FOYV,left,t_id_ZfvZBX4Q
222,ID_1HC59N7M,left,t_id_3fKmnkBS
223,ID_LWUBIFZE,top,t_id_dc6pjonY
224,ID_WBWA783J,left,t_id_WDCMGvI4
225,ID_GZAVAR20,top,t_id_SwQZGIpa
226,ID_8QBFZHVC,Top,t_id_B7LaSiac
227,ID_IR0HZ7PU,top,t_id_hRzOoJ2t
228,ID_EROKDWQ1,left,t_id_uVgs53Cz
229,ID_PEKZ9E1J,Top,t_id_3b65X5Lw
230,ID_0OAKNJBQ,right,t_id_e9i3Lbq4
231,ID_T4X2NJXT,left,t_id_C0wevyOl
232,ID_3B6AWEAY,right,t_id_SwQZGIpa
233,ID_ISHFXKJ8,right,t_id_dVQ4x3wz
234,ID_WCY4UDSS,right,t_id_n2FBHk6d
235,ID_IDU43BVE,top,t_id_ROFhVsy2
236,ID_P2I5L8EA,top,t_id_ksTLswDT
237,ID_LE932Y06,left,t_id_C0wevyOl
238,ID_Q8DDPT7E,right,t_id_KysHzQQK
239,ID_1RWHLFRK,right,t_id_e9i3Lbq4
240,ID_BQ73PAMG,top,t_id_WXXcPTSW
241,ID_L7ZYGMUD,left,t_id_AOWArhGb
242,ID_2QZRGCJ2,top,t_id_ZfvZBX4Q
243,ID_UA7QCOAK,left,t_id_JI6ba2Yx
244,ID_J1CJJLE6,left,t_id_BXWccqAn
245,ID_XLKC56IP,left,t_id_hRzOoJ2t
246,ID_CZKED7NQ,right,t_id_YjXYTCGC
247,ID_SDBFH6UK,right,t_id_2E8o5Jtl
248,ID_AKIY2YEW,right,t_id_utw0thCe
249,ID_6HWD3G9K,right,t_id_1KIezxkh
250,ID_SRV002C5,left,t_id_hRzOoJ2t
251,ID_LND5MMIH,left,t_id_stWei2Uq
252,ID_LP7JUNDW,right,t_id_ip3jsrYo
253,ID_DTHCY847,left,t_id_a4VYrmyA
254,ID_PCVB2UVB,top,t_id_mXD9Bjsb
255,ID_9RVRTRR0,right,t_id_72SiiZCp
256,ID_B30P44N6,left,t_id_tjWepji1
257,ID_2SKJ6BRJ,top,t_id_9GFmcOd5
258,ID_OKOS05PC,left,t_id_BI99coHt
259,ID_O3PSB5YN,left,t_id_Ts5LyVQz
260,ID_Z2WN3TT8,top,t_id_3K93fQBS
261,ID_SEKK9MFX,right,t_id_fxTQ5vHC
262,ID_C49XVZ5R,right,t_id_niEvmwXu
263,ID_RXGFH8F1,top,t_id_3K93fQBS
264,ID_4PYQJ8EO,top,t_id_KysHzQQK
265,ID_65RDT286,left,t_id_AOWArhGb
266,ID_VJIW0DHC,top,t_id_2Yn71r7R
267,ID_A7UAJD5D,left,t_id_WDCMGvI4
268,ID_GQJ9GYKO,right,t_id_ZfvZBX4Q
269,ID_WBNFY7BJ,right,t_id_C0wevyOl
270,ID_54EE1LXT,top,t_id_uJXT7dGu
271,ID_HPGCWLNH,top,t_id_a4VYrmyA
272,ID_97MM8CO3,right,t_id_G5eoqwD8
273,ID_703GHGF1,left,t_id_8b8sprYe
274,ID_R6B3K6OE,top,t_id_C0wevyOl
275,ID_QNS796W6,left,t_id_MwnEYfqe
276,ID_W3IKGL2R,top,t_id_UVQa4BMz
277,ID_8ESGYE0F,top,t_id_Kc1tXDbJ
278,ID_FHWWXME9,left,t_id_AMnriNb5
279,ID_QG488M1V,top,t_id_fxTQ5vHC
280,ID_MOPYVC4U,right,t_id_DPYQnZyv
281,ID_IR5VEFCL,right,t_id_72SiiZCp
282,ID_3KTXJW0H,right,t_id_MwnEYfqe
283,ID_DV4O9HZA,left,t_id_BI99coHt
284,ID_XUAK0MOX,left,t_id_BI99coHt
285,ID_ZNKXMMF3,top,t_id_C0wevyOl
286,ID_6LEAO1CH,top,t_id_uIlC9Gfo
287,ID_OZC6KK0Q,left,t_id_hibDzPAP
288,ID_HHQ41BU3,top,t_id_a4VYrmyA
289,ID_VO5H8L80,top,t_id_Ts5LyVQz
290,ID_BZK50GKL,left,t_id_Lhp87PBX
291,ID_RI6JUEDZ,top,t_id_Imm5pnNf
292,ID_TKDIA5OO,top,t_id_utw0thCe
293,ID_HP6JW8Z7,top,t_id_n2FBHk6d
294,ID_0WB4N789,left,t_id_IlO9BOKc
295,ID_8553S13P,right,t_id_Dv4O8bOM
296,ID_59PAXSBH,Left,t_id_HxxqrdTx
297,ID_8R011BJ7,top,t_id_dVQ4x3wz
298,ID_TJKJK3GT,right,t_id_IlO9BOKc
299,ID_Z13GROFM,left,t_id_Ts5LyVQz
300,ID_JWE18L2H,right,t_id_D3kHUEgp
301,ID_6MJKC6BJ,right,t_id_dVQ4x3wz
302,ID_FFJ36MUY,top,t_id_SwQZGIpa
303,ID_TDEYFFRJ,right,t_id_bYageLYA
304,ID_E7RQV5XA,left,t_id_9GFmcOd5
305,ID_TWD5RJ9O,left,t_id_m2JvEcsg
306,ID_60SCQFGY,right,t_id_utw0thCe
307,ID_H6T5L8AI,top,t_id_NW7wn8TC
308,ID_FP4ZKN3A,right,t_id_qZ0iZYsC
309,ID_7P33VKSS,top,t_id_Ts5LyVQz
310,ID_YCV0DZ9K,right,t_id_stWei2Uq
311,ID_9ST0DF4N,left,t_id_iD9ikw6Y
312,ID_KQVWICM0,right,t_id_VP2NW7aV
313,ID_RZJJGBVM,top,t_id_dhdJMT1K
314,ID_AMDTJIPS,right,t_id_2Yn71r7R
315,ID_VO33NMDC,right,t_id_Ts5LyVQz
316,ID_GTDPVPZD,left,t_id_BXWccqAn
317,ID_TCVSL145,right,t_id_Kf73l69A
318,ID_HY882SAA,right,t_id_JI6ba2Yx
319,ID_LHGM7OJ1,top,t_id_n2FBHk6d
320,ID_CQWEMNVV,left,t_id_15bo4NKD
321,ID_EPGYE8QX,top,t_id_hRzOoJ2t
322,ID_W6PAU4FN,left,t_id_KysHzQQK
323,ID_MBUZ1F22,left,t_id_m2JvEcsg
324,ID_EVUFNQNS,left,t_id_IlO9BOKc
325,ID_SM70K1RQ,right,t_id_VFb44eFm
326,ID_20MTQNWG,right,t_id_VP2NW7aV
327,ID_JG2X5YIW,right,t_id_hRzOoJ2t
328,ID_L86CSRXZ,left,t_id_BI99coHt
329,ID_YHPURQZO,top,t_id_ROFhVsy2
330,ID_8R946BSW,top,t_id_8b8sprYe
331,ID_M45GF9ZV,right,t_id_uVgs53Cz
332,ID_0R6UOFUQ,left,t_id_hRzOoJ2t
333,ID_KCU00M6B,top,t_id_ROFhVsy2
334,ID_RLLP216R,left,t_id_WDCMGvI4
335,ID_1SQB2VWI,top,t_id_mXD9Bjsb
336,ID_Q1MUD2XZ,top,t_id_BI99coHt
337,ID_P98AEGPJ,right,t_id_X3bKBWYW
338,ID_L2125VIR,top,t_id_VP2NW7aV
339,ID_D9FYF5Y4,Top,t_id_k1rScFLB
340,ID_8P99DAQ6,left,t_id_FBsGDJhU
341,ID_TAQQB3K2,right,t_id_d6aYXtor
342,ID_SJA9AFSI,top,t_id_IP3xtKuX
343,ID_KSXCCVMZ,top,t_id_7gFFZy7i
344,ID_N58GPHRW,top,t_id_UVQa4BMz
345,ID_YK0MNJ2N,left,t_id_1KIezxkh
346,ID_V9JEPA3P,top,t_id_tjWepji1
347,ID_YVEPI4QK,left,t_id_smNwfXAT
348,ID_88A7XCJC,top,t_id_G5eoqwD8
349,ID_E1616ABY,right,t_id_G5eoqwD8
350,ID_OBXB53RL,right,t_id_QqeoI5F3
351,ID_2KIZ2SSX,left,t_id_JI6ba2Yx
352,ID_OMDR6UAR,right,t_id_3K93fQBS
353,ID_WDQJTAHN,right,t_id_4ZfTUmwL
354,ID_P121ABSO,left,t_id_IlO9BOKc
355,ID_4UQDWJ58,top,t_id_ROFhVsy2
356,ID_QQ57CMG4,right,t_id_JI6ba2Yx
357,ID_QCMJ1R3C,right,t_id_WXXcPTSW
358,ID_ILY5B208,right,t_id_ksTLswDT
359,ID_GUURCI27,left,t_id_2E8o5Jtl
360,ID_XNS8SR5S,left,t_id_Kf73l69A
361,ID_SBK2IX9S,left,t_id_0DPPpRUz
362,ID_DRUTUFVE,top,t_id_3fKmnkBS
363,ID_T8GUO53E,right,t_id_ksTLswDT
364,ID_0D2ZJPGL,right,t_id_uJXT7dGu
365,ID_7FE177TK,right,t_id_pCO59rOk
366,ID_84R3WB9U,top,t_id_AOWArhGb
367,ID_WKVO2R02,right,t_id_AMnriNb5
368,ID_XP78GEEH,Top,t_id_3b65X5Lw
369,ID_17IHS7MU,top,t_id_AOWArhGb
370,ID_ICMRXSWD,right,t_id_AOWArhGb
371,ID_IE8KWIH2,left,t_id_a4VYrmyA
372,ID_ZZEGHRM5,left,t_id_m2JvEcsg
373,ID_P1VMEEI7,top,t_id_BI99coHt
374,ID_2FBSU5IN,right,t_id_8b8sprYe
375,ID_F0Z888YE,right,t_id_mpuNp8mf
376,ID_MU5D7R4G,top,t_id_JI6ba2Yx
377,ID_Y0UPDHST,left,t_id_4ZfTUmwL
378,ID_AT0KPFQ3,top,t_id_2Yn71r7R
379,ID_TCDNCKKF,left,t_id_DPYQnZyv
380,ID_SEWV3JB0,right,t_id_gz3whk0q
381,ID_OMRKZUGR,top,t_id_7gFFZy7i
382,ID_5NU130IP,top,t_id_niEvmwXu
383,ID_3WMD0EOX,right,t_id_mXD9Bjsb
384,ID_7QHF1SO7,right,t_id_n2FBHk6d
385,ID_0E36WAY8,right,t_id_2QmcRkNj
386,ID_SOJDCDOH,right,t_id_WDCMGvI4
387,ID_6FA6IV5O,top,t_id_Kf73l69A
388,ID_ZPPQGRA2,right,t_id_8b8sprYe
389,ID_3IK2E9D5,right,t_id_n2FBHk6d
390,ID_76MP9I87,left,t_id_a4VYrmyA
391,ID_F0THKU1D,Right,t_id_k1rScFLB
392,ID_62UIINJS,right,t_id_0g31STvR
393,ID_NKPIPQMC,right,t_id_J5dngbNA
394,ID_KSUSBCGB,top,t_id_hRzOoJ2t
395,ID_BWDOXI5I,top,t_id_dVQ4x3wz
396,ID_4DDQCGNA,top,t_id_IlO9BOKc
397,ID_X4AQS1F5,right,t_id_VP2NW7aV
398,ID_6R2DK3T6,right,t_id_JI6ba2Yx
399,ID_N0GC6PJB,right,t_id_m2JvEcsg
400,ID_NFGZXE2D,left,t_id_pCO59rOk
401,ID_BC9JEODE,left,t_id_0g31STvR
402,ID_VG8PXW7K,Top,t_id_k1rScFLB
403,ID_1X2W3ABD,left,t_id_BXWccqAn
404,ID_HYAXC1YL,top,t_id_Ts5LyVQz
405,ID_5K7Z4FCS,right,t_id_m2JvEcsg
406,ID_S02FL4ID,left,t_id_tjWepji1
407,ID_36B1ASYK,top,t_id_stWei2Uq
408,ID_GHW970A6,right,t_id_0g31STvR
409,ID_Y7MU53B4,left,t_id_gz3whk0q
410,ID_7HN2MEC6,right,t_id_gJaKYxBQ
411,ID_WZMZ9XBA,left,t_id_G5eoqwD8
412,ID_CDLECQ5M,top,t_id_C0wevyOl
413,ID_38OZ45LI,right,t_id_J24awAHQ
414,ID_MT7YKZK0,left,t_id_X3bKBWYW
415,ID_5XRXS3OO,left,t_id_JI6ba2Yx
416,ID_CQ9IDSKD,top,t_id_15bo4NKD
417,ID_7FCFWOER,right,t_id_a4VYrmyA
418,ID_7P8QE2GS,top,t_id_J24awAHQ
419,ID_2O9XULTA,top,t_id_ip3jsrYo
420,ID_ULJA2XPE,top,t_id_IlO9BOKc
421,ID_H0W0FGU3,top,t_id_dVQ4x3wz
422,ID_M8KSDBW6,left,t_id_fjHGjp1w
423,ID_DU0KD26P,top,t_id_D0gA44av
424,ID_Z9VDOO3S,right,t_id_uMOOrQu7
425,ID_T8O3U5PP,right,t_id_uIlC9Gfo
426,ID_U68O8V5X,right,t_id_2QmcRkNj
427,ID_WP5U7QSF,top,t_id_smNwfXAT
428,ID_3HH7GGZ6,top,t_id_VP2NW7aV
429,ID_37OGYEDP,right,t_id_iZQiE7wb
430,ID_KCRUVR9W,right,t_id_stWei2Uq
431,ID_U7KPVP7L,right,t_id_bYageLYA
432,ID_46B5FP3X,right,t_id_fjHGjp1w
433,ID_0TNFUYL8,right,t_id_3K93fQBS
434,ID_7Y8SXAI6,top,t_id_2QmcRkNj
435,ID_8T1WQZJE,left,t_id_Imm5pnNf
436,ID_4KDDR6E0,left,t_id_tjWepji1
437,ID_M8JKVA7O,top,t_id_D0gA44av
438,ID_5NER06CD,left,t_id_DPYQnZyv
439,ID_63BFNF8E,left,t_id_VP2NW7aV
440,ID_EIVPC3O6,left,t_id_2E8o5Jtl
441,ID_MZJHWLCE,top,t_id_ksTLswDT
442,ID_1RSRZF5W,right,t_id_JI6ba2Yx
443,ID_8PMW5U1H,left,t_id_dhdJMT1K
444,ID_H2MJAJ5W,top,t_id_uVgs53Cz
445,ID_NUL9C6NW,right,t_id_Lhp87PBX
446,ID_1WKRTDSL,top,t_id_dVQ4x3wz
447,ID_YBWK4C4R,left,t_id_qZ0iZYsC
448,ID_764Q4WFZ,top,t_id_AOWArhGb
449,ID_L627K1OF,right,t_id_utw0thCe
450,ID_9F8SKFKY,top,t_id_dVQ4x3wz
451,ID_BHC46VJD,top,t_id_qZ0iZYsC
452,ID_TWT9XMXN,right,t_id_fxTQ5vHC
453,ID_HP8RVWPA,right,t_id_NW7wn8TC
454,ID_6881RINB,right,t_id_Kf73l69A
455,ID_K4LZFKLS,left,t_id_BI99coHt
456,ID_DXMABDBX,right,t_id_2E8o5Jtl
457,ID_7ZRGUA9B,left,t_id_bYageLYA
458,ID_VW3H44ZQ,top,t_id_ZfvZBX4Q
459,ID_TDRU4IHL,top,t_id_tjWepji1
460,ID_OOYMQ3BV,left,t_id_niEvmwXu
461,ID_92UZ20IQ,top,t_id_87CLFCvE
462,ID_ZLHJADIY,left,t_id_a4VYrmyA
463,ID_BXVBBAWR,left,t_id_AOWArhGb
464,ID_OTOVP983,left,t_id_pCO59rOk
465,ID_ZPYEIZQI,top,t_id_Kf73l69A
466,ID_C9VEBF8B,right,t_id_FBsGDJhU
467,ID_TIBSUG79,right,t_id_DPYQnZyv
468,ID_31Q4VR77,right,t_id_tjWepji1
469,ID_26I2GKJZ,top,t_id_dc6pjonY
470,ID_XW4O8N8E,top,t_id_iD9ikw6Y
471,ID_N69BGA4O,left,t_id_dVQ4x3wz
472,ID_KSBIHT36,Left,t_id_3b65X5Lw
473,ID_WT34D0XT,right,t_id_IlO9BOKc
474,ID_C4MUC4FX,top,t_id_JI6ba2Yx
475,ID_VYHON58N,right,t_id_tjWepji1
476,ID_Z44QKKEG,Top,t_id_HxxqrdTx
477,ID_E5G47YQ8,left,t_id_UVQa4BMz
478,ID_F9KS2PWF,left,t_id_hRzOoJ2t
479,ID_YOA4VDQQ,left,t_id_stWei2Uq
480,ID_PFV2EGF9,left,t_id_m2JvEcsg
481,ID_PVTT5ZKJ,top,t_id_SwQZGIpa
482,ID_4F311WF5,right,t_id_ip3jsrYo
483,ID_V1N07YAE,top,t_id_hRzOoJ2t
484,ID_SEKQSWSL,Right,t_id_HxxqrdTx
485,ID_T1KNJO5G,right,t_id_VP2NW7aV
486,ID_FEB9T2KD,right,t_id_Kc1tXDbJ
487,ID_UHU1IIQC,top,t_id_n2FBHk6d
488,ID_4J2HAZMF,left,t_id_8b8sprYe
489,ID_FLOEXSVU,left,t_id_Ts5LyVQz
490,ID_BT0K4YWB,left,t_id_m2JvEcsg
491,ID_DR1RFA8N,top,t_id_7gFFZy7i
492,ID_9BUTQC0Z,right,t_id_ksTLswDT
493,ID_LEB8RNZI,top,t_id_G5eoqwD8
494,ID_QEVT6JM8,right,t_id_AOWArhGb
495,ID_BZMWVG2Z,left,t_id_dVQ4x3wz
496,ID_T0RVOG8N,right,t_id_C0wevyOl
497,ID_ZKUBFJI7,top,t_id_JI6ba2Yx
498,ID_WR45RUOR,top,t_id_pCO59rOk
499,ID_NL03TGV4,right,t_id_m2JvEcsg
500,ID_V907KMLK,left,t_id_tjWepji1
501,ID_1LGEYXUO,right,t_id_BXWccqAn
502,ID_5ZX8LSS7,top,t_id_ifWwxWF4
503,ID_JLJSSMNQ,left,t_id_fjHGjp1w
504,ID_PLSE0TWE,top,t_id_X3bKBWYW
505,ID_U1MVW6S7,top,t_id_iZQiE7wb
506,ID_UY2ETNZB,top,t_id_ROFhVsy2
507,ID_KT6FCS0X,top,t_id_tjWepji1
508,ID_MHDKVZD2,top,t_id_bYageLYA
509,ID_UQNK7X0M,left,t_id_2E8o5Jtl
510,ID_8M2Z12BM,left,t_id_ksTLswDT
511,ID_7UQA9P2D,left,t_id_uJXT7dGu
512,ID_Q3BEGYDZ,left,t_id_9GFmcOd5
513,ID_JQAYLBV5,Top,t_id_GOIvCduN
514,ID_LPP8P5OF,top,t_id_a4VYrmyA
515,ID_0S3VQPSJ,left,t_id_72SiiZCp
516,ID_X0MM2VYN,top,t_id_DPYQnZyv
517,ID_EDZDTAIN,top,t_id_uIlC9Gfo
518,ID_J21SB4AN,top,t_id_EEbWq5Pj
519,ID_SRH3IZ3U,right,t_id_8b8sprYe
520,ID_LAPPUTJ2,left,t_id_9GFmcOd5
521,ID_Z04LDJBY,right,t_id_2Yn71r7R
522,ID_GDN27X50,right,t_id_G5eoqwD8
523,ID_Q99RU2UB,top,t_id_15bo4NKD
524,ID_KK099R7F,right,t_id_15bo4NKD
525,ID_IRI9KYSS,top,t_id_9GFmcOd5
526,ID_3YAV8O0C,top,t_id_NW7wn8TC
527,ID_SEAPBGHV,left,t_id_ZfvZBX4Q
528,ID_7P7AES1R,right,t_id_7gFFZy7i
529,ID_D01WTSCG,right,t_id_ZfvZBX4Q
530,ID_1PXR5D4Y,right,t_id_0g31STvR
531,ID_GIJMFOY8,top,t_id_FBsGDJhU
532,ID_WZL2E48U,top,t_id_fxTQ5vHC
533,ID_6GFKRO0E,right,t_id_UVQa4BMz
534,ID_MUVUC92H,top,t_id_Ts5LyVQz
535,ID_GGSJXPTX,right,t_id_WDCMGvI4
536,ID_W5BYB235,top,t_id_AOWArhGb
537,ID_9ADVDP9I,top,t_id_BI99coHt
538,ID_2DHZ5XI3,top,t_id_2E8o5Jtl
539,ID_BJCPAJN4,right,t_id_VP2NW7aV
540,ID_53XXG3MF,right,t_id_8b8sprYe
541,ID_8M2XH14P,left,t_id_VP2NW7aV
542,ID_WR22JJ6C,right,t_id_tjWepji1
543,ID_S9LI7L4Z,top,t_id_EEbWq5Pj
544,ID_1HVIO966,left,t_id_WDCMGvI4
545,ID_XC6ILSIU,top,t_id_iZQiE7wb
546,ID_H5C7TDY7,left,t_id_VP2NW7aV
547,ID_TN3XKGKU,right,t_id_utw0thCe
548,ID_76AJYILO,right,t_id_NW7wn8TC
549,ID_T1D1QH16,top,t_id_Dv4O8bOM
550,ID_S2SH4EIH,left,t_id_d6aYXtor
551,ID_LFGSPQMJ,left,t_id_utw0thCe
552,ID_WAV9Q5DP,top,t_id_uIlC9Gfo
553,ID_UC3C1JCG,right,t_id_AOWArhGb
554,ID_5FYXVKCD,left,t_id_G5eoqwD8
555,ID_EZZ6R7T4,top,t_id_tjWepji1
556,ID_4IFPM26V,right,t_id_C0wevyOl
557,ID_01L54J3D,left,t_id_d6aYXtor
558,ID_UI1EJ6HH,left,t_id_8b8sprYe
559,ID_X86WZFKF,top,t_id_0g31STvR
560,ID_Y2UGVJ78,top,t_id_fxTQ5vHC
561,ID_I9NOT9BE,left,t_id_9GFmcOd5
562,ID_L26HMPAO,left,t_id_dc6pjonY
563,ID_0Y7REA36,left,t_id_G5eoqwD8
564,ID_7ULUMUZV,right,t_id_hRzOoJ2t
565,ID_R5SZZUB7,left,t_id_UVQa4BMz
566,ID_D9J2KNJY,left,t_id_Kf73l69A
567,ID_AGM9I0H6,top,t_id_g9Fz8PH7
568,ID_GUOTLMU0,right,t_id_7gFFZy7i
569,ID_PYPJZPP4,top,t_id_Imm5pnNf
570,ID_LNCG6IFM,top,t_id_gJaKYxBQ
571,ID_UMYSZL5W,left,t_id_uIlC9Gfo
572,ID_8I4RMFCW,left,t_id_JI6ba2Yx
573,ID_092X1NP4,left,t_id_fxTQ5vHC
574,ID_7AXW07C3,right,t_id_G5eoqwD8
575,ID_3AHN59NJ,Left,t_id_3b65X5Lw
576,ID_E4JYPILU,top,t_id_fjHGjp1w
577,ID_3GP5P255,left,t_id_MwnEYfqe
578,ID_ESAWYM72,left,t_id_X3bKBWYW
579,ID_5AODRFJJ,left,t_id_d6aYXtor
580,ID_INU2QQIP,left,t_id_Kc1tXDbJ
581,ID_COJX19QY,left,t_id_SwQZGIpa
582,ID_KKAI6BOT,left,t_id_ROFhVsy2
583,ID_O18PWPFZ,right,t_id_9GFmcOd5
584,ID_Q9QV0QXI,top,t_id_NW7wn8TC
585,ID_5NUVMDYX,top,t_id_tjWepji1
586,ID_WHHE83HN,top,t_id_m2JvEcsg
587,ID_448G8JTW,left,t_id_fxTQ5vHC
588,ID_0JDDE04I,top,t_id_uIlC9Gfo
589,ID_A0A4OOQO,left,t_id_SwQZGIpa
590,ID_YEN2BC1W,left,t_id_GrxmyS59
591,ID_46EAWUTG,right,t_id_DPYQnZyv
592,ID_6II0YDFZ,right,t_id_AOWArhGb
593,ID_AFCEU3MQ,right,t_id_fjHGjp1w
594,ID_U2MFDJK0,right,t_id_smNwfXAT
595,ID_C1NCP47J,left,t_id_m2JvEcsg
596,ID_6BKRV6RP,Left,t_id_k1rScFLB
597,ID_L8P0M6XX,Top,t_id_p77GDtzg
598,ID_0J1NXY6D,right,t_id_dVQ4x3wz
599,ID_ZUMC1VTV,right,t_id_YjXYTCGC
600,ID_AKA2B1J9,right,t_id_iD9ikw6Y
601,ID_9BYHCQ70,left,t_id_KysHzQQK
602,ID_USIEXBII,right,t_id_DbmclTcj
603,ID_HSV698LJ,top,t_id_ROFhVsy2
604,ID_YOBMEXDO,left,t_id_HcnnlRda
605,ID_W8L85TKG,top,t_id_Kf73l69A
606,ID_ZPQAQG9M,right,t_id_WDCMGvI4
607,ID_QVTKT4MU,top,t_id_ROFhVsy2
608,ID_SBVHB3CS,top,t_id_2E8o5Jtl
609,ID_MDTA7NL9,left,t_id_C0wevyOl
610,ID_5W8QV1MZ,right,t_id_g9Fz8PH7
611,ID_6RC53SQA,left,t_id_fjHGjp1w
612,ID_468WEHQW,left,t_id_ip3jsrYo
613,ID_PD9FT13D,left,t_id_Dv4O8bOM
614,ID_L4O6H0WC,top,t_id_8b8sprYe
615,ID_LK33VB3I,top,t_id_2Yn71r7R
616,ID_YZMYVCTX,left,t_id_J24awAHQ
617,ID_10EJKPAF,left,t_id_uIlC9Gfo
618,ID_QDJ0DNWU,top,t_id_fjHGjp1w
619,ID_IWPQ13C0,right,t_id_8b8sprYe
620,ID_DICNL24P,right,t_id_hRzOoJ2t
621,ID_DT2BDLSE,left,t_id_hRzOoJ2t
622,ID_JTWX8MUD,left,t_id_DPYQnZyv
623,ID_RT415HV4,Top,t_id_HxxqrdTx
624,ID_BYS1NPDS,top,t_id_dhdJMT1K
625,ID_LWEHAEWP,top,t_id_WDCMGvI4
626,ID_GYXNQFQU,top,t_id_fxTQ5vHC
627,ID_K0EKEOD7,top,t_id_mpuNp8mf
628,ID_0NFH1PZ6,top,t_id_ksTLswDT
629,ID_8MQYHN2I,left,t_id_GrxmyS59
630,ID_238OFM66,Right,t_id_HxxqrdTx
631,ID_V8B10QFC,left,t_id_ROFhVsy2
632,ID_F6FHUTTW,right,t_id_fxTQ5vHC
633,ID_W0E97ERF,right,t_id_Kf73l69A
634,ID_1X4FFXET,top,t_id_tjWepji1
635,ID_D83HPVWW,right,t_id_15bo4NKD
636,ID_FSOODWS3,right,t_id_Ts5LyVQz
637,ID_S5A2A76Z,top,t_id_VP2NW7aV
638,ID_O2UNFDY1,left,t_id_WXXcPTSW
639,ID_ISZW2N05,left,t_id_7gFFZy7i
640,ID_A5GNHRPS,right,t_id_ROFhVsy2
641,ID_HQRV6Z3B,right,t_id_a4VYrmyA
642,ID_V79RH4O4,Right,t_id_p77GDtzg
643,ID_66CXU9J1,top,t_id_C0wevyOl
644,ID_WB0WX0MF,right,t_id_ROFhVsy2
645,ID_UXZYH5HE,right,t_id_AOWArhGb
646,ID_MFVYXJL1,left,t_id_15bo4NKD
647,ID_9XGSBVAT,Left,t_id_3b65X5Lw
648,ID_L59Q4TYX,right,t_id_2QmcRkNj
649,ID_XJEFULMZ,right,t_id_3K93fQBS
650,ID_9JRSLKW0,top,t_id_Lhp87PBX
651,ID_BN1A9XEW,left,t_id_hRzOoJ2t
652,ID_NKDSR9HH,right,t_id_GrxmyS59
653,ID_O999K22E,left,t_id_C0wevyOl
654,ID_Q8X41AWV,top,t_id_bYageLYA
655,ID_1HCBWQRK,top,t_id_iD9ikw6Y
656,ID_1OND9SX7,right,t_id_Dv4O8bOM
657,ID_IV15FDA6,left,t_id_VP2NW7aV
658,ID_WUJE5IVL,left,t_id_HcnnlRda
659,ID_7MLEFE2D,top,t_id_utw0thCe
660,ID_QJ5F7RD4,top,t_id_DPYQnZyv
661,ID_JEBL86OI,left,t_id_fxTQ5vHC
662,ID_FZYPO5TN,Top,t_id_B7LaSiac
663,ID_9K9O05CF,left,t_id_GrxmyS59
664,ID_0XJG7PXU,right,t_id_a4VYrmyA
665,ID_HTLONLHS,Left,t_id_B7LaSiac
666,ID_ITM2EG3W,left,t_id_87CLFCvE
667,ID_XSD2A9NA,left,t_id_JI6ba2Yx
668,ID_98M7GV75,right,t_id_D7NA71la
669,ID_I7QE9F5U,left,t_id_fjHGjp1w
670,ID_UFML5MGF,right,t_id_Kf73l69A
671,ID_PGI3L6MX,top,t_id_BXWccqAn
672,ID_E39FR0Y6,top,t_id_C0wevyOl
673,ID_8SVPNX4Q,right,t_id_Kc1tXDbJ
674,ID_KSSDB8DT,left,t_id_a4VYrmyA
675,ID_JV1X8JWE,right,t_id_pCO59rOk
676,ID_68TO7VYJ,left,t_id_a4VYrmyA
677,ID_WSAF9MYE,left,t_id_G5eoqwD8
678,ID_UT6XV3VZ,right,t_id_IlO9BOKc
679,ID_1S6V7HAH,left,t_id_fjHGjp1w
680,ID_QZ8SX59E,Right,t_id_3b65X5Lw
681,ID_GS4QRIXM,left,t_id_Kf73l69A
682,ID_ZNX3OHFH,top,t_id_ROFhVsy2
683,ID_E2DV9MCI,right,t_id_EEbWq5Pj
684,ID_AS80AMY1,top,t_id_fxTQ5vHC
685,ID_B3G84M72,top,t_id_DPYQnZyv
686,ID_GTOUU2SY,left,t_id_QqeoI5F3
687,ID_PBE1TTGD,right,t_id_FBsGDJhU
688,ID_EBG551JB,top,t_id_Kf73l69A
689,ID_QUX7JS85,left,t_id_a4VYrmyA
690,ID_85O1N52I,left,t_id_uMOOrQu7
691,ID_7D427U5A,right,t_id_fxTQ5vHC
692,ID_DZ3SS9KE,left,t_id_2E8o5Jtl
693,ID_3L5MO2LW,right,t_id_7gFFZy7i
694,ID_ZPVWRVTV,right,t_id_uIlC9Gfo
695,ID_25AN41F8,right,t_id_VP2NW7aV
696,ID_3646J5ZS,right,t_id_BI99coHt
697,ID_DBYS9YUA,right,t_id_uJXT7dGu
698,ID_I8VQY0H6,right,t_id_4ZfTUmwL
699,ID_B4PCCS10,Left,t_id_HxxqrdTx
700,ID_I56EIVQC,top,t_id_2E8o5Jtl
701,ID_FHGR2ULK,top,t_id_VP2NW7aV
702,ID_CZ2YWPC1,left,t_id_DbmclTcj
703,ID_B75IVBE2,right,t_id_2QmcRkNj
704,ID_QA4P32OC,top,t_id_GrxmyS59
705,ID_ZSVLTDNK,right,t_id_uJXT7dGu
706,ID_2AWOJQ6G,top,t_id_7gFFZy7i
707,ID_A1ZK5WL7,left,t_id_NW7wn8TC
708,ID_UC0NFKIH,left,t_id_UVQa4BMz
709,ID_6I8GO8DU,left,t_id_mXD9Bjsb
710,ID_M14B47DE,right,t_id_FBsGDJhU
711,ID_2DTFZN5E,right,t_id_NW7wn8TC
712,ID_J0V1VGA9,right,t_id_Ts5LyVQz
713,ID_DI0CUJ52,right,t_id_hRzOoJ2t
714,ID_7YLCHKFY,right,t_id_uMOOrQu7
715,ID_54N0JYY9,right,t_id_SwQZGIpa
716,ID_3RTMTX0P,left,t_id_ZfvZBX4Q
717,ID_1LOGRZ1C,left,t_id_ifWwxWF4
718,ID_UFK0CS7U,right,t_id_MwnEYfqe
719,ID_V0YW05GZ,top,t_id_tjWepji1
720,ID_IZMRDCRB,right,t_id_MwnEYfqe
721,ID_ZAX7JB5Z,right,t_id_m2JvEcsg
722,ID_EXRTU2PV,top,t_id_stWei2Uq
723,ID_OIQGRALC,left,t_id_hRzOoJ2t
724,ID_YEXO5W9L,top,t_id_Kf73l69A
725,ID_TL8XQRVC,right,t_id_VFb44eFm
726,ID_CI2MXABP,right,t_id_utw0thCe
727,ID_JI8FXWSB,left,t_id_15bo4NKD
728,ID_BDOBI6O7,left,t_id_n2FBHk6d
729,ID_RUNQ2FIM,right,t_id_gz3whk0q
730,ID_7OPOK0H3,top,t_id_tjWepji1
731,ID_92HCXOZ1,right,t_id_G5JLzvai
732,ID_P64FEB43,top,t_id_hibDzPAP
733,ID_9TVXYZ73,Top,t_id_GOIvCduN
734,ID_RQ5Z29DS,Right,t_id_3b65X5Lw
735,ID_I1IPAQJO,Left,t_id_k1rScFLB
736,ID_ZF6IMKBT,top,t_id_AMnriNb5
737,ID_SPJB293P,left,t_id_g9Fz8PH7
738,ID_95SAQJ24,left,t_id_ip3jsrYo
739,ID_DL3PETJW,top,t_id_BXWccqAn
740,ID_I27BM7GL,right,t_id_YjXYTCGC
741,ID_995DUU69,left,t_id_Kf73l69A
742,ID_WQ8GEGSW,left,t_id_VP2NW7aV
743,ID_CJB8RQFJ,right,t_id_2E8o5Jtl
744,ID_285ACCWE,left,t_id_fjHGjp1w
745,ID_6HEJXWEZ,left,t_id_pCO59rOk
746,ID_ZXM8MLS2,top,t_id_2QmcRkNj
747,ID_EPFEG2AL,Left,t_id_HxxqrdTx
748,ID_1IP252Y3,left,t_id_D0gA44av
749,ID_WTZ4VB8R,left,t_id_Ts5LyVQz
750,ID_IJR8S54Z,top,t_id_EEbWq5Pj
751,ID_KGL8840K,right,t_id_D0gA44av
752,ID_OI53ZV4Y,top,t_id_WDCMGvI4
753,ID_2PIUB1MK,left,t_id_G5JLzvai
754,ID_L2WZI509,right,t_id_VP2NW7aV
755,ID_LA8TJDXO,right,t_id_EEbWq5Pj
756,ID_CO294IXK,top,t_id_JI6ba2Yx
757,ID_NOUXZBV1,left,t_id_AMnriNb5
758,ID_K2LRXM0U,right,t_id_dc6pjonY
759,ID_92TMYGUQ,right,t_id_stWei2Uq
760,ID_RR7BJ2U8,left,t_id_BI99coHt
761,ID_2HBGMZLT,right,t_id_BI99coHt
762,ID_I9VYL0O6,Top,t_id_p77GDtzg
763,ID_Z6INHH8P,top,t_id_JI6ba2Yx
764,ID_SF1FFVIQ,left,t_id_7gFFZy7i
765,ID_XTHH4MP6,Right,t_id_3b65X5Lw
766,ID_OCAWIDVX,right,t_id_DPYQnZyv
767,ID_S4398946,left,t_id_9GFmcOd5
768,ID_RQTR2TVL,left,t_id_hRzOoJ2t
769,ID_J46HC1UN,top,t_id_DPYQnZyv
770,ID_IRMO86CA,right,t_id_Kf73l69A
771,ID_HLIYGNC5,Left,t_id_B7LaSiac
772,ID_EQ7UCDAU,right,t_id_YjXYTCGC
773,ID_QOUS7XD6,left,t_id_3K93fQBS
774,ID_41LEJCPQ,left,t_id_9GFmcOd5
775,ID_YSA5MYSL,Right,t_id_3b65X5Lw
776,ID_7261QP1V,right,t_id_JI6ba2Yx
777,ID_04LIX78Y,right,t_id_dhdJMT1K
778,ID_LVMJ6BNM,left,t_id_QqeoI5F3
779,ID_4CX2W0N8,top,t_id_gz3whk0q
780,ID_QX98XWID,right,t_id_GrxmyS59
781,ID_D1DUDI0C,right,t_id_VP2NW7aV
782,ID_HU0VVZ12,left,t_id_MwnEYfqe
783,ID_EWAKGY2B,left,t_id_9GFmcOd5
784,ID_NCCLGORA,right,t_id_3K93fQBS
785,ID_GQAIZ525,left,t_id_DPYQnZyv
786,ID_IVFQWOSL,right,t_id_Ts5LyVQz
787,ID_G54YJ4LX,top,t_id_YjXYTCGC
788,ID_1M9YNQGR,right,t_id_dhdJMT1K
789,ID_QJS1EGFB,top,t_id_2Yn71r7R
790,ID_3KPZ2UKO,right,t_id_utw0thCe
791,ID_YKJZM0QU,top,t_id_tjWepji1
792,ID_YJK1SO40,right,t_id_0g31STvR
793,ID_TYX5EA30,right,t_id_Kf73l69A
794,ID_ULCE86UH,right,t_id_IlO9BOKc
795,ID_BBQBFZDE,left,t_id_stWei2Uq
796,ID_WXZGW6WG,top,t_id_ifWwxWF4
797,ID_LZ2KEHGP,top,t_id_4XiPKIk7
798,ID_6G5KX0PY,left,t_id_AOWArhGb
799,ID_VSXDS4MQ,top,t_id_utw0thCe
800,ID_TT08S3B2,left,t_id_G5eoqwD8
801,ID_P81MPNDW,right,t_id_a4VYrmyA
802,ID_TLQIWFDN,top,t_id_GrxmyS59
803,ID_QHE3ZNI5,top,t_id_uMOOrQu7
804,ID_S04AGHSE,right,t_id_Kf73l69A
805,ID_TW1GLCKK,left,t_id_Ts5LyVQz
806,ID_KUJA3XZT,top,t_id_ROFhVsy2
807,ID_VOVS77GV,right,t_id_MwnEYfqe
808,ID_CWWW0GH2,left,t_id_m2JvEcsg
809,ID_21FM67IR,right,t_id_Kf73l69A
810,ID_XAOLVKBY,left,t_id_ROFhVsy2
811,ID_2JSFJ5UR,top,t_id_1KIezxkh
812,ID_BPZR1LPN,top,t_id_AOWArhGb
813,ID_3STIX7OB,top,t_id_a4VYrmyA
814,ID_Q1TF3HZU,left,t_id_stWei2Uq
815,ID_BERQGBH1,top,t_id_VP2NW7aV
816,ID_MEEFD8ZQ,right,t_id_WDCMGvI4
817,ID_X54GU2KR,top,t_id_8b8sprYe
818,ID_XC353Q9M,right,t_id_7gFFZy7i
819,ID_JSSL5YBX,top,t_id_Kf73l69A
820,ID_CWXXHFTT,left,t_id_fjHGjp1w
821,ID_CWKSLIVL,top,t_id_VP2NW7aV
822,ID_WQON3OI3,top,t_id_uIlC9Gfo
823,ID_7TYUGEQL,top,t_id_AOWArhGb
824,ID_7OWKA8Q7,right,t_id_WDCMGvI4
825,ID_VNSDR3P4,top,t_id_3fKmnkBS
826,ID_JHQANYOQ,top,t_id_D7NA71la
827,ID_OQH8ZKLC,left,t_id_ROFhVsy2
828,ID_E70GZVTX,top,t_id_NW7wn8TC
829,ID_W09ZC1RA,right,t_id_uVgs53Cz
830,ID_X77R33KF,top,t_id_AMnriNb5
831,ID_QWZ373O0,top,t_id_a4VYrmyA
832,ID_3TK2290E,right,t_id_a4VYrmyA
833,ID_5V9AK0J6,right,t_id_IP3xtKuX
834,ID_SMLKP7NW,top,t_id_4XiPKIk7
835,ID_H4E5XE36,top,t_id_D7NA71la
836,ID_96X24TK5,right,t_id_WDCMGvI4
837,ID_IOQIRGLS,left,t_id_AOWArhGb
838,ID_QIVYUKVT,left,t_id_tjWepji1
839,ID_DA9HCIT2,left,t_id_qZ0iZYsC
840,ID_NTO6XITQ,top,t_id_Ts5LyVQz
841,ID_WWRZUCZN,left,t_id_ROFhVsy2
842,ID_LGYTF0YE,right,t_id_ROFhVsy2
843,ID_PSRW7B2P,top,t_id_ROFhVsy2
844,ID_MXI14FK1,top,t_id_ROFhVsy2
845,ID_WECNV339,Top,t_id_p77GDtzg
846,ID_RCD6NZOJ,right,t_id_bYageLYA
847,ID_ZQIXNT65,left,t_id_uMOOrQu7
848,ID_50NW1F9Y,right,t_id_hRzOoJ2t
849,ID_T25YWGAA,top,t_id_2QmcRkNj
850,ID_V1WYS9MC,top,t_id_IP1t15lD
851,ID_YAKESNII,right,t_id_SwQZGIpa
852,ID_G73HB4JQ,left,t_id_g9Fz8PH7
853,ID_7G2Q5Y8N,top,t_id_tjWepji1
854,ID_OHOUJH8Q,top,t_id_pCO59rOk
855,ID_WSBWRZRH,right,t_id_VP2NW7aV
856,ID_4XTTZZKV,top,t_id_IP3xtKuX
857,ID_QWH2TODQ,top,t_id_dVQ4x3wz
858,ID_OP81LG70,top,t_id_GrxmyS59
859,ID_7UY4QK99,right,t_id_QqeoI5F3
860,ID_CFW64QE5,left,t_id_DPYQnZyv
861,ID_395HP0WK,right,t_id_OqU1NWEA
862,ID_46GASB8T,left,t_id_D3kHUEgp
863,ID_N0LP63WF,top,t_id_ZfvZBX4Q
864,ID_C035DC5E,top,t_id_Kf73l69A
865,ID_O78PRKPK,right,t_id_dVQ4x3wz
866,ID_KU67QH4D,right,t_id_fxTQ5vHC
867,ID_OJ6DQV95,left,t_id_hRzOoJ2t
868,ID_FPBVYYCN,right,t_id_hRzOoJ2t
869,ID_MYGE2LAX,right,t_id_SwQZGIpa
870,ID_MNZ5HWUT,right,t_id_4ZfTUmwL
871,ID_LVL0F31H,right,t_id_Kf73l69A
872,ID_VOXWI65Z,right,t_id_72SiiZCp
873,ID_I3D54T8B,right,t_id_bYageLYA
874,ID_55O9EG4V,top,t_id_IlO9BOKc
875,ID_Q98QK3RA,top,t_id_YjXYTCGC
876,ID_RCCYBVS6,left,t_id_SwQZGIpa
877,ID_G1PCS174,right,t_id_ip3jsrYo
878,ID_XA9CEPXR,right,t_id_Kf73l69A
879,ID_8N6MB24N,right,t_id_8b8sprYe
880,ID_9H5QANIG,right,t_id_d6aYXtor
881,ID_3T6695EQ,left,t_id_D0gA44av
882,ID_C7JUU9XS,left,t_id_VFb44eFm
883,ID_02445SY2,top,t_id_GrxmyS59
884,ID_PICOLFZU,right,t_id_VP2NW7aV
885,ID_AI7H5EOG,left,t_id_9GFmcOd5
886,ID_DV9TFLZE,left,t_id_uVgs53Cz
887,ID_H9QQNVD3,right,t_id_AOWArhGb
888,ID_HTU4CYO3,top,t_id_Imm5pnNf
889,ID_J6VPHQJA,right,t_id_dVQ4x3wz
890,ID_IU8B3GQK,left,t_id_NW7wn8TC
891,ID_JFNEU319,right,t_id_gGQbn7FA
892,ID_P0ZXZ6Z0,right,t_id_ROFhVsy2
893,ID_VUYC58P2,top,t_id_tjWepji1
894,ID_5U8D1PCO,left,t_id_VFb44eFm
895,ID_NNG71HQ6,right,t_id_dVQ4x3wz
896,ID_1KH9MS93,right,t_id_qZ0iZYsC
897,ID_C0N0F1YG,top,t_id_4ZfTUmwL
898,ID_Z6E08HWW,right,t_id_ROFhVsy2
899,ID_DUTGS2TF,top,t_id_qZ0iZYsC
900,ID_3NN7SJN0,left,t_id_uJXT7dGu
901,ID_HAIKS72J,right,t_id_IlO9BOKc
902,ID_AZHUUYMI,left,t_id_WDCMGvI4
903,ID_OWRU1MUU,right,t_id_BI99coHt
904,ID_1PCD0HJG,top,t_id_AMnriNb5
905,ID_7WJBXFO6,top,t_id_9GFmcOd5
906,ID_N0B36HI0,right,t_id_fjHGjp1w
907,ID_27U9A3K5,right,t_id_fjHGjp1w
908,ID_ZK1P299I,right,t_id_SwQZGIpa
909,ID_H6BVTDIA,right,t_id_smNwfXAT
910,ID_HMZR9QQ5,top,t_id_n2FBHk6d
911,ID_YIWTSNP5,right,t_id_2E8o5Jtl
912,ID_6RHG0TO5,left,t_id_IlO9BOKc
913,ID_J6BXE80W,right,t_id_tjWepji1
914,ID_UD8VS1PA,right,t_id_dVQ4x3wz
915,ID_LGWCIVW2,left,t_id_utw0thCe
916,ID_ILCTHPLW,top,t_id_0DPPpRUz
917,ID_UQ5SGR75,left,t_id_JI6ba2Yx
918,ID_5SFBZZXF,left,t_id_GrxmyS59
919,ID_JE8B7P9A,top,t_id_D3kHUEgp
920,ID_2UW7PDL4,top,t_id_ZfvZBX4Q
921,ID_DHOEDCCE,top,t_id_GrxmyS59
922,ID_DU319CIT,top,t_id_SwQZGIpa
923,ID_JS9CJCHX,top,t_id_dVQ4x3wz
924,ID_CK7PY9VI,left,t_id_niEvmwXu
925,ID_YRVSS1VX,top,t_id_hRzOoJ2t
926,ID_7461MO1H,top,t_id_2E8o5Jtl
927,ID_8BR5UY61,top,t_id_mXD9Bjsb
928,ID_3CSDCABB,left,t_id_a4VYrmyA
929,ID_PMUAUFO8,right,t_id_gz3whk0q
930,ID_11D03T8G,top,t_id_fjHGjp1w
931,ID_I0W2ETFT,left,t_id_VP2NW7aV
932,ID_SMU4NVJQ,top,t_id_smNwfXAT
933,ID_X5S9LZBZ,left,t_id_uJXT7dGu
934,ID_RIG8UJLF,top,t_id_9GFmcOd5
935,ID_TDZ9Y6G0,right,t_id_1KIezxkh
936,ID_GGJR7KVR,top,t_id_mpuNp8mf
937,ID_5GS9NLVJ,left,t_id_n2FBHk6d
938,ID_BZE59S10,right,t_id_D3kHUEgp
939,ID_DVTY6BRU,right,t_id_m2JvEcsg
940,ID_8HAJ1J4P,right,t_id_VFb44eFm
941,ID_YTSHFQKS,top,t_id_72SiiZCp
942,ID_U4NL1N7O,top,t_id_VP2NW7aV
943,ID_HNUGEYRR,top,t_id_WDCMGvI4
944,ID_YK7TA9Q5,left,t_id_gJaKYxBQ
945,ID_14NTXGCE,left,t_id_JI6ba2Yx
946,ID_5Q1DKR1L,top,t_id_1KIezxkh
947,ID_4379LDH7,left,t_id_MwnEYfqe
948,ID_V93C6L5U,right,t_id_2Yn71r7R
949,ID_H8CWDLOL,left,t_id_iZQiE7wb
950,ID_RK5AVSOO,right,t_id_ksTLswDT
951,ID_257XTVSR,right,t_id_ROFhVsy2
952,ID_DKHVGRWT,left,t_id_Kf73l69A
953,ID_6UUOIMP6,top,t_id_G5eoqwD8
954,ID_5LV034YU,right,t_id_G5eoqwD8
955,ID_PIDP583F,right,t_id_2Yn71r7R
956,ID_VX980CQX,top,t_id_dVQ4x3wz
957,ID_VR8O6537,left,t_id_1KIezxkh
958,ID_HERL6PW4,right,t_id_stWei2Uq
959,ID_TJ2DY755,right,t_id_stWei2Uq
960,ID_BS922PM8,left,t_id_DbmclTcj
961,ID_GNZB4OKM,top,t_id_8b8sprYe
962,ID_O420ITVF,right,t_id_dhdJMT1K
963,ID_WXE4FHF7,top,t_id_hibDzPAP
964,ID_9NDO7ZG1,top,t_id_n2FBHk6d
965,ID_CWV1MOTM,left,t_id_JI6ba2Yx
966,ID_OKMQPAM0,right,t_id_4ZfTUmwL
967,ID_4KPHQCAG,left,t_id_JI6ba2Yx
968,ID_8PUFUYG5,left,t_id_uJXT7dGu
969,ID_EH07LWKV,top,t_id_QqeoI5F3
970,ID_4JFRRRKV,right,t_id_VP2NW7aV
971,ID_YL3RFAH8,top,t_id_WDCMGvI4
972,ID_BNRF5RP4,right,t_id_DPYQnZyv
973,ID_R7GK2YXP,top,t_id_0DPPpRUz
974,ID_QGPN8J8Y,top,t_id_e9i3Lbq4
975,ID_G8BA8KUL,right,t_id_hRzOoJ2t
976,ID_RNM8OM7F,top,t_id_VP2NW7aV
977,ID_58YOXVJA,right,t_id_Kf73l69A
978,ID_NT2HMCT8,left,t_id_dVQ4x3wz
979,ID_L3X9XLU4,right,t_id_Kc1tXDbJ
980,ID_1RZIFCHC,Top,t_id_B7LaSiac
981,ID_VJW93N5H,top,t_id_hRzOoJ2t
982,ID_WDT93AWO,top,t_id_YjXYTCGC
983,ID_JT0LTQYH,left,t_id_DPYQnZyv
984,ID_BO1DW6XF,left,t_id_3fKmnkBS
985,ID_364YVU2F,right,t_id_DPYQnZyv
986,ID_RHIZ5JCH,left,t_id_m2JvEcsg
987,ID_RLIZVEED,right,t_id_3fKmnkBS
988,ID_R6FNHXTC,left,t_id_JI6ba2Yx
989,ID_A2X10RIZ,Left,t_id_B7LaSiac
990,ID_9A6PZ5RL,left,t_id_MwnEYfqe
991,ID_IAJCHSYC,right,t_id_uIlC9Gfo
992,ID_4SLZW39D,top,t_id_gz3whk0q
993,ID_HSH4JUBX,left,t_id_AOWArhGb
994,ID_3SSUOD1F,left,t_id_GrxmyS59
995,ID_LAKPFD3O,top,t_id_Ts5LyVQz
996,ID_8CCXJZCC,left,t_id_D0gA44av
997,ID_AV65K2ZM,top,t_id_3fKmnkBS
998,ID_V5LSL5Z9,top,t_id_15bo4NKD
999,ID_E85JKO99,top,t_id_stWei2Uq
1000,ID_ZQFWH4DC,top,t_id_VP2NW7aV
1001,ID_7BSHGZXH,top,t_id_bYageLYA
1002,ID_VVPRSRKM,top,t_id_fxTQ5vHC
1003,ID_IBGWPAT7,top,t_id_ip3jsrYo
1004,ID_K6OCTEDV,right,t_id_IP1t15lD
1005,ID_GSSN8LOS,left,t_id_JI6ba2Yx
1006,ID_U3T9YERI,left,t_id_ROFhVsy2
1007,ID_0MGFWAOV,Left,t_id_GOIvCduN
1008,ID_QGNMSTJP,top,t_id_DPYQnZyv
1009,ID_51Z2ZUG4,right,t_id_hRzOoJ2t
1010,ID_08R685XU,left,t_id_m2JvEcsg
1011,ID_0WG9U1GO,top,t_id_15bo4NKD
1012,ID_OTFIFVLC,left,t_id_JI6ba2Yx
1013,ID_1IZ8T62C,left,t_id_ROFhVsy2
1014,ID_YS14H0HC,Right,t_id_HxxqrdTx
1015,ID_8L59BX9P,left,t_id_EEbWq5Pj
1016,ID_W8BB787Y,right,t_id_hibDzPAP
1017,ID_743SC158,top,t_id_ZfvZBX4Q
1018,ID_PS27ESKX,right,t_id_ZfvZBX4Q
1019,ID_48KBQF5K,top,t_id_G5eoqwD8
1020,ID_VL0GJ6LH,right,t_id_tjWepji1
1021,ID_1V7S2G5A,top,t_id_IP1t15lD
1022,ID_HO2FH8B0,left,t_id_ROFhVsy2
1023,ID_19YCCES6,right,t_id_ROFhVsy2
1024,ID_BIBXD90K,left,t_id_VP2NW7aV
1025,ID_848YVHA1,left,t_id_IP3xtKuX
1026,ID_1JC1FD54,top,t_id_a4VYrmyA
1027,ID_AUGZPUJ8,left,t_id_AOWArhGb
1028,ID_ASS0B6UK,top,t_id_1KIezxkh
1029,ID_97EFYTL9,top,t_id_gz3whk0q
1030,ID_AX5J06P5,right,t_id_uVgs53Cz
1031,ID_17MTCQYM,top,t_id_UVQa4BMz
1032,ID_TJPAERCY,left,t_id_72SiiZCp
1033,ID_623ULKH1,left,t_id_YjXYTCGC
1034,ID_G5DEQPLK,right,t_id_7gFFZy7i
1035,ID_ND8HHJQM,top,t_id_n2FBHk6d
1036,ID_XGNKY84Y,right,t_id_smNwfXAT
1037,ID_JFHTQB9S,top,t_id_dVQ4x3wz
1038,ID_UJ5YOAP8,left,t_id_WDCMGvI4
1039,ID_XM6LJUSC,right,t_id_Ts5LyVQz
1040,ID_HTBZ0DST,top,t_id_8b8sprYe
1041,ID_HD113138,left,t_id_HcnnlRda
1042,ID_EI8V5441,right,t_id_tjWepji1
1043,ID_Y2J0HJLP,left,t_id_dVQ4x3wz
1044,ID_V37P9JTD,top,t_id_hRzOoJ2t
1045,ID_OE5XCONY,top,t_id_FBsGDJhU
1046,ID_9DYBDN69,right,t_id_FBsGDJhU
1047,ID_U0RAZNI5,right,t_id_Kf73l69A
1048,ID_IHMG1UN5,left,t_id_G5JLzvai
1049,ID_M3PD6Z4X,right,t_id_gJaKYxBQ
1050,ID_MHJ9ZL5D,top,t_id_G5eoqwD8
1051,ID_RO8IU5BX,right,t_id_WXXcPTSW
1052,ID_XNTITWPE,left,t_id_GrxmyS59
1053,ID_IQGP4K9B,left,t_id_VP2NW7aV
1054,ID_9VJIRSHA,left,t_id_Kf73l69A
1055,ID_KABBIRA8,top,t_id_DPYQnZyv
1056,ID_FML0ESBM,left,t_id_d6aYXtor
1057,ID_BYHDTJQH,top,t_id_Kf73l69A
1058,ID_4123DJRO,left,t_id_7gFFZy7i
1059,ID_CU4AUX7O,top,t_id_AOWArhGb
1060,ID_YRVN79SK,top,t_id_iD9ikw6Y
1061,ID_EV65D3J0,top,t_id_G5JLzvai
1062,ID_OLE0F230,right,t_id_hRzOoJ2t
1063,ID_76UDU8G8,top,t_id_IlO9BOKc
1064,ID_99LOFERZ,left,t_id_72SiiZCp
1065,ID_21JGZOYU,top,t_id_dVQ4x3wz
1066,ID_3R63YUGO,right,t_id_Imm5pnNf
1067,ID_9QPFF5JP,right,t_id_mpuNp8mf
1068,ID_WQQRPJMX,left,t_id_fjHGjp1w
1069,ID_FLPLIA32,top,t_id_uJXT7dGu
1070,ID_ETO57GUA,top,t_id_dVQ4x3wz
1071,ID_5KZ6EJ33,right,t_id_Kf73l69A
1072,ID_GAC6ONML,top,t_id_tjWepji1
1073,ID_7EXIPDUO,left,t_id_n2FBHk6d
1074,ID_7XZIHJYG,Top,t_id_3b65X5Lw
1075,ID_GYY52UV9,left,t_id_WXXcPTSW
1076,ID_B3JL015U,top,t_id_D7NA71la
1077,ID_26FZY0AJ,left,t_id_dhdJMT1K
1078,ID_D58UX4ZO,right,t_id_Kf73l69A
1079,ID_F6X5824X,top,t_id_4ZfTUmwL
1080,ID_RGDS2BGT,right,t_id_9GFmcOd5
1081,ID_UCC8MTQC,top,t_id_bYageLYA
1082,ID_E2CEMBJF,left,t_id_e9i3Lbq4
1083,ID_4I3ESY77,left,t_id_IP3xtKuX
1084,ID_ENR6VVR6,top,t_id_Dv4O8bOM
1085,ID_WV9EVPQH,top,t_id_ROFhVsy2
1086,ID_T6SCLYV0,right,t_id_3K93fQBS
1087,ID_8E13SQLN,top,t_id_BXWccqAn
1088,ID_GUVK4O8V,top,t_id_hRzOoJ2t
1089,ID_K16QTHAA,top,t_id_dc6pjonY
1090,ID_1ZDZVBLF,right,t_id_BI99coHt
1091,ID_U1Y9CQ79,left,t_id_G5eoqwD8
1092,ID_29VIAZ3D,right,t_id_Kc1tXDbJ
1093,ID_JBAZB1H0,Right,t_id_k1rScFLB
1094,ID_AK216M1W,right,t_id_G5eoqwD8
1095,ID_O3G6HHBA,top,t_id_hRzOoJ2t
1096,ID_97RRPH1Q,left,t_id_BI99coHt
1097,ID_WS37GXTC,left,t_id_a4VYrmyA
1098,ID_RFTW05FP,right,t_id_tjWepji1
1099,ID_WBO9TYU6,right,t_id_FBsGDJhU
1100,ID_EBVZM67H,right,t_id_J24awAHQ
1101,ID_0JC13MBA,left,t_id_tjWepji1
1102,ID_46JVJJE0,top,t_id_SwQZGIpa
1103,ID_HXVY0O66,right,t_id_gGQbn7FA
1104,ID_XWG2OZ2M,left,t_id_IP3xtKuX
1105,ID_DXB5J9XV,left,t_id_iD9ikw6Y
1106,ID_TI4AXI7S,top,t_id_iD9ikw6Y
1107,ID_2358MYBE,right,t_id_BI99coHt
1108,ID_X6L93W5Z,right,t_id_J24awAHQ
1109,ID_PXKI8J0W,left,t_id_KysHzQQK
1110,ID_KHFW6XEF,left,t_id_AMnriNb5
1111,ID_OJB04LK1,right,t_id_DPYQnZyv
1112,ID_6OED89JQ,right,t_id_ROFhVsy2
1113,ID_32T8KDHK,left,t_id_VFb44eFm
1114,ID_UZCHV7U9,top,t_id_8b8sprYe
1115,ID_MO9R40JA,right,t_id_hRzOoJ2t
1116,ID_R2OC9TE1,top,t_id_IP1t15lD
1117,ID_RHU6R4DI,right,t_id_GrxmyS59
1118,ID_KGRWBR81,left,t_id_hRzOoJ2t
1119,ID_05OAB9HN,top,t_id_fjHGjp1w
1120,ID_DXZUT4KJ,top,t_id_uIlC9Gfo
1121,ID_XRUUZQQZ,left,t_id_AOWArhGb
1122,ID_3T395J5T,left,t_id_G5eoqwD8
1123,ID_HONVLGJ8,right,t_id_0DPPpRUz
1124,ID_6WVUG1RN,top,t_id_dVQ4x3wz
1125,ID_E98QM9CT,right,t_id_8b8sprYe
1126,ID_3JHL0XDW,left,t_id_AOWArhGb
1127,ID_HKE6LPE3,Right,t_id_B7LaSiac
1128,ID_PPSS872T,right,t_id_ROFhVsy2
1129,ID_Q8WLPS2N,Top,t_id_B7LaSiac
1130,ID_6TQSMX60,right,t_id_15bo4NKD
1131,ID_EJ3N6WXQ,left,t_id_IlO9BOKc
1132,ID_UYM7FKWU,top,t_id_qZ0iZYsC
1133,ID_XYNDN5MA,left,t_id_3K93fQBS
1134,ID_IAQX7RWF,left,t_id_dhdJMT1K
1135,ID_IBWV92JR,left,t_id_MwnEYfqe
1136,ID_8GYGUQBH,top,t_id_G5JLzvai
1137,ID_GGOYUEPF,left,t_id_G5eoqwD8
1138,ID_SBMYJOJX,right,t_id_utw0thCe
1139,ID_QIILZAE0,left,t_id_WDCMGvI4
1140,ID_AAULBUQF,Left,t_id_GOIvCduN
1141,ID_XW8DHGJ8,left,t_id_ROFhVsy2
1142,ID_Y8QWHEGF,left,t_id_DbmclTcj
1143,ID_90XTP7IA,right,t_id_mpuNp8mf
1144,ID_HGI68OWZ,right,t_id_mpuNp8mf
1145,ID_TQLCI8T4,top,t_id_UVQa4BMz
1146,ID_W2QCJ1FD,left,t_id_G5eoqwD8
1147,ID_R6UKP6OQ,left,t_id_uIlC9Gfo
1148,ID_R1N5MLUC,left,t_id_ksTLswDT
1149,ID_0FP7W8WI,right,t_id_Ts5LyVQz
1150,ID_EJJJLCDA,top,t_id_utw0thCe
1151,ID_ZIEFMMJ5,top,t_id_hRzOoJ2t
1152,ID_O0DZIQAK,left,t_id_SwQZGIpa
1153,ID_BFZ0BTKN,top,t_id_DPYQnZyv
1154,ID_C8NGKL9W,right,t_id_Lhp87PBX
1155,ID_R34OWDJY,right,t_id_ip3jsrYo
1156,ID_4U56R1MS,Top,t_id_3b65X5Lw
1157,ID_3SN9CPQK,left,t_id_ip3jsrYo
1158,ID_3BRPVKD9,left,t_id_8b8sprYe
1159,ID_L5ZC0P2D,top,t_id_fjHGjp1w
1160,ID_2O8DG2LG,right,t_id_YjXYTCGC
1161,ID_HQ4LEHJQ,top,t_id_Kf73l69A
1162,ID_QAW5VR7D,right,t_id_Ts5LyVQz
1163,ID_83JA8LJI,right,t_id_15bo4NKD
1164,ID_AL97NPUI,left,t_id_Ts5LyVQz
1165,ID_MTP0EQTH,left,t_id_NW7wn8TC
1166,ID_OG1GRF3E,right,t_id_DbmclTcj
1167,ID_009TNNQ8,left,t_id_Kf73l69A
1168,ID_F5H5ES23,top,t_id_tjWepji1
1169,ID_0XWII0XC,top,t_id_tjWepji1
1170,ID_QOLD4V6P,top,t_id_Kf73l69A
1171,ID_1Z849QK6,right,t_id_72SiiZCp
1172,ID_EKLWG5G7,top,t_id_BI99coHt
1173,ID_OM0I3V52,top,t_id_0g31STvR
1174,ID_3UFISML8,left,t_id_Ts5LyVQz
1175,ID_BQBUXMAI,right,t_id_VP2NW7aV
1176,ID_96LWSV5L,right,t_id_0DPPpRUz
1177,ID_55DHG61B,left,t_id_fjHGjp1w
1178,ID_77LS79M6,top,t_id_iZQiE7wb
1179,ID_JJUX1KZE,right,t_id_GrxmyS59
1180,ID_F039F4FO,top,t_id_C0wevyOl
1181,ID_9M4S26GP,left,t_id_C0wevyOl
1182,ID_W700YXHW,top,t_id_MwnEYfqe
1183,ID_X8F93RQV,right,t_id_AOWArhGb
1184,ID_H2KGDRZ8,top,t_id_8b8sprYe
1185,ID_37RXZ3TO,right,t_id_D3kHUEgp
1186,ID_N5WPBFLM,left,t_id_OqU1NWEA
1187,ID_IHO28NDH,right,t_id_tjWepji1
1188,ID_P1Q5JWA3,right,t_id_15bo4NKD
1189,ID_AO36GU17,right,t_id_hRzOoJ2t
1190,ID_0B15SK84,right,t_id_AOWArhGb
1191,ID_FDQPMRE6,top,t_id_Kf73l69A
1192,ID_JBGMIJOI,right,t_id_YjXYTCGC
1193,ID_1DHBY4KU,right,t_id_IP3xtKuX
1194,ID_3PAPEHDJ,right,t_id_GrxmyS59
1195,ID_0FX6ODC0,left,t_id_n2FBHk6d
1196,ID_L2JEARXW,right,t_id_IlO9BOKc
1197,ID_6V34GA6C,right,t_id_JI6ba2Yx
1198,ID_LIMNU5QR,left,t_id_QqeoI5F3
1199,ID_CTC9WL06,right,t_id_9GFmcOd5
1200,ID_S9NS44EP,left,t_id_Lhp87PBX
1201,ID_EEWHJBVS,right,t_id_72SiiZCp
1202,ID_FNE08ILI,left,t_id_YjXYTCGC
1203,ID_EO2HRP55,right,t_id_D3kHUEgp
1204,ID_IUO1UFT8,left,t_id_n2FBHk6d
1205,ID_99WYNX18,top,t_id_YjXYTCGC
1206,ID_XK6U9HBK,top,t_id_GrxmyS59
1207,ID_Z4YGKMKM,Top,t_id_k1rScFLB
1208,ID_UDV7ZUN0,left,t_id_ROFhVsy2
1209,ID_OE9U0500,left,t_id_hRzOoJ2t
1210,ID_9OQNT73K,left,t_id_m2JvEcsg
1211,ID_4W4GWHPZ,top,t_id_dhdJMT1K
1212,ID_KDTQ6444,top,t_id_15bo4NKD
1213,ID_YFBXBW8Y,left,t_id_SwQZGIpa
1214,ID_LCQCEAA7,right,t_id_fjHGjp1w
1215,ID_2NFH5AY5,top,t_id_m2JvEcsg
1216,ID_YKEFJZ2B,top,t_id_uJXT7dGu
1217,ID_P7RAZD3A,top,t_id_fxTQ5vHC
1218,ID_G2F4OJT6,left,t_id_4XiPKIk7
1219,ID_87TGZA2M,top,t_id_gGQbn7FA
1220,ID_KEW845NU,top,t_id_IP1t15lD
1221,ID_OLDGJ71A,Right,t_id_HxxqrdTx
1222,ID_K6V9I5C1,Left,t_id_k1rScFLB
1223,ID_J8XJLACW,top,t_id_mXD9Bjsb
1224,ID_WWYCXWOD,left,t_id_Kf73l69A
1225,ID_KKUQQPT0,left,t_id_hRzOoJ2t
1226,ID_ZB5AJ17M,left,t_id_MwnEYfqe
1227,ID_M17N1BF4,left,t_id_UVQa4BMz
1228,ID_DHMZNWT6,left,t_id_ROFhVsy2
1229,ID_M3WKTJJJ,right,t_id_8b8sprYe
1230,ID_UQ1GZMBE,top,t_id_ROFhVsy2
1231,ID_EYPUADDI,top,t_id_dVQ4x3wz
1232,ID_6L3ADFK8,top,t_id_m2JvEcsg
1233,ID_S1NRBSKU,right,t_id_3fKmnkBS
1234,ID_H3JK3MQW,top,t_id_AMnriNb5
1235,ID_1VVMCOG8,right,t_id_0g31STvR
1236,ID_37FLBUSK,right,t_id_m2JvEcsg
1237,ID_VYGPIXV7,top,t_id_G5eoqwD8
1238,ID_2D8P5IJQ,top,t_id_VFb44eFm
1239,ID_10HIRN6W,top,t_id_qZ0iZYsC
1240,ID_2WHCP48M,left,t_id_Kc1tXDbJ
1241,ID_2XQIT20D,right,t_id_Lhp87PBX
1242,ID_7CXJQYNT,right,t_id_D0gA44av
1243,ID_24XMOLVK,left,t_id_C0wevyOl
1244,ID_0TN13JTG,left,t_id_IlO9BOKc
1245,ID_V10P7G34,left,t_id_DPYQnZyv
1246,ID_WIXB1YAF,top,t_id_mpuNp8mf
1247,ID_4WW8XF7G,left,t_id_ROFhVsy2
1248,ID_3E0B7W1E,right,t_id_g9Fz8PH7
1249,ID_26JZTBIX,right,t_id_YjXYTCGC
1250,ID_IH7FSRZD,right,t_id_dVQ4x3wz
1251,ID_RK9GROH0,left,t_id_Kc1tXDbJ
1252,ID_IF0VJ87L,left,t_id_15bo4NKD
1253,ID_HNYEYOC2,top,t_id_ROFhVsy2
1254,ID_MCX5HSF8,top,t_id_WDCMGvI4
1255,ID_3NDJQJM7,top,t_id_dVQ4x3wz
1256,ID_EDLQ7RG6,right,t_id_15bo4NKD
1257,ID_9FUITRRD,left,t_id_2Yn71r7R
1258,ID_DYV4O4D9,right,t_id_tjWepji1
1259,ID_LYSQHGXQ,right,t_id_ksTLswDT
1260,ID_K6ZMGF3T,left,t_id_JI6ba2Yx
1261,ID_WNBBFWOF,right,t_id_hibDzPAP
1262,ID_VFDRE81R,right,t_id_hibDzPAP
1263,ID_Z10J6OV1,top,t_id_OqU1NWEA
1264,ID_LP0GCYNH,left,t_id_gJaKYxBQ
1265,ID_Z7K94A7J,right,t_id_X3bKBWYW
1266,ID_FADOBT1K,right,t_id_G5eoqwD8
1267,ID_TSQSFARY,top,t_id_Kc1tXDbJ
1268,ID_AER0ACAU,right,t_id_VP2NW7aV
1269,ID_KHSTCVDN,left,t_id_Kc1tXDbJ
1270,ID_76XUPZQY,left,t_id_ZfvZBX4Q
1271,ID_TQW7T333,right,t_id_ROFhVsy2
1272,ID_585DWP1V,right,t_id_mpuNp8mf
1273,ID_HP62NL4I,top,t_id_JI6ba2Yx
1274,ID_4MWH30AA,top,t_id_2Yn71r7R
1275,ID_A90HTUHS,right,t_id_WDCMGvI4
1276,ID_NWGTXLC1,top,t_id_ROFhVsy2
1277,ID_BOGXBF8U,left,t_id_JI6ba2Yx
1278,ID_8RMH5NGD,right,t_id_D7NA71la
1279,ID_L4YM2UPC,right,t_id_AMnriNb5
1280,ID_MFRMCPWJ,left,t_id_uJXT7dGu
1281,ID_026RZIZ9,right,t_id_hRzOoJ2t
1282,ID_875JHHIC,left,t_id_9GFmcOd5
1283,ID_755I28U4,top,t_id_ROFhVsy2
1284,ID_BXRMTL35,right,t_id_MwnEYfqe
1285,ID_O0VWI4RV,left,t_id_3fKmnkBS
1286,ID_KRAAXZ25,right,t_id_ip3jsrYo
1287,ID_QEOHRAAK,left,t_id_BI99coHt
1288,ID_LEW15VOX,left,t_id_AMnriNb5
1289,ID_2G5VWR8P,left,t_id_Kc1tXDbJ
1290,ID_DWWOO2XR,right,t_id_tjWepji1
1291,ID_WEQJP7TD,right,t_id_dVQ4x3wz
1292,ID_98NRB4SQ,left,t_id_ZfvZBX4Q
1293,ID_X52M491B,top,t_id_QqeoI5F3
1294,ID_QC4ETXA5,left,t_id_VFb44eFm
1295,ID_EYX73R7P,left,t_id_2QmcRkNj
1296,ID_3QBOOK4D,right,t_id_WXXcPTSW
1297,ID_1R8WKXOZ,right,t_id_C0wevyOl
1298,ID_7AC0PBXT,top,t_id_Kf73l69A
1299,ID_MLQZ9OEP,top,t_id_NW7wn8TC
1300,ID_BJOSVYCD,Right,t_id_3b65X5Lw
1301,ID_IB0HNQVC,left,t_id_J24awAHQ
1302,ID_0I5FAS7W,top,t_id_n2FBHk6d
1303,ID_8J8K9RB0,top,t_id_niEvmwXu
1304,ID_D81CAHI3,right,t_id_MwnEYfqe
1305,ID_DU77FSFF,top,t_id_DPYQnZyv
1306,ID_8HQL8CPC,right,t_id_hRzOoJ2t
1307,ID_AMPUM1WQ,right,t_id_ifWwxWF4
1308,ID_UT0O8OH2,top,t_id_DPYQnZyv
1309,ID_5TBZ5AIW,top,t_id_uIlC9Gfo
1310,ID_E8VVIJRF,top,t_id_ROFhVsy2
1311,ID_EZQ0TG07,right,t_id_dVQ4x3wz
1312,ID_SLSMCJ8K,right,t_id_SwQZGIpa
1313,ID_QQ11XMFC,left,t_id_uJXT7dGu
1314,ID_MLM8TN98,left,t_id_a4VYrmyA
1315,ID_95V5MCCU,top,t_id_DbmclTcj
1316,ID_Q4PHFFL5,top,t_id_DPYQnZyv
1317,ID_B4SXSHXU,left,t_id_BI99coHt
1318,ID_HP8X3JFP,left,t_id_IlO9BOKc
1319,ID_F3S4APMG,top,t_id_utw0thCe
1320,ID_56OQIZS1,Top,t_id_3b65X5Lw
1321,ID_BV95H2BZ,left,t_id_OqU1NWEA
1322,ID_UQ8O9I2H,right,t_id_JI6ba2Yx
1323,ID_KDZ6WEZI,top,t_id_ZfvZBX4Q
1324,ID_1OKAKEHX,right,t_id_ifWwxWF4
1325,ID_Z8044GN9,Right,t_id_k1rScFLB
1326,ID_36OO9FMT,right,t_id_KysHzQQK
1327,ID_XAGPOQ4X,right,t_id_fxTQ5vHC
1328,ID_V8WT9SLI,left,t_id_fxTQ5vHC
1329,ID_NT0DPVA4,left,t_id_Imm5pnNf
1330,ID_LI699IKA,top,t_id_utw0thCe
1331,ID_AQ555ML6,right,t_id_dVQ4x3wz
1332,ID_AJPMSUZC,left,t_id_hRzOoJ2t
1333,ID_KLD4N56B,top,t_id_fxTQ5vHC
1334,ID_ZQ4DZAI7,right,t_id_stWei2Uq
1335,ID_X9ZJ3ERL,right,t_id_0DPPpRUz
1336,ID_F9J66LR2,top,t_id_hibDzPAP
1337,ID_VNARVQLR,left,t_id_pCO59rOk
1338,ID_M9BNEE7E,Top,t_id_HxxqrdTx
1339,ID_1RRY7HY8,left,t_id_bYageLYA
1340,ID_MZO52J57,top,t_id_uIlC9Gfo
1341,ID_OAI7U0HW,right,t_id_ROFhVsy2
1342,ID_YH15UNA2,top,t_id_AMnriNb5
1343,ID_2NY5VZJ1,top,t_id_KysHzQQK
1344,ID_Q2JM2XDQ,left,t_id_DPYQnZyv
1345,ID_ILMEQOMC,left,t_id_G5eoqwD8
1346,ID_TKM1FEQM,left,t_id_UVQa4BMz
1347,ID_0SYENLY6,right,t_id_Ts5LyVQz
1348,ID_SQYM6RCQ,top,t_id_HcnnlRda
1349,ID_V2Q47RIR,top,t_id_ZfvZBX4Q
1350,ID_6L5VQ5R8,left,t_id_0DPPpRUz
1351,ID_HDVTWVXM,top,t_id_pCO59rOk
1352,ID_9WFGTQXE,right,t_id_3fKmnkBS
1353,ID_IA0Y3PMQ,right,t_id_DbmclTcj
1354,ID_BI7KYCMW,right,t_id_VP2NW7aV
1355,ID_46W4KFXU,left,t_id_JI6ba2Yx
1356,ID_PMSVVY6S,top,t_id_ROFhVsy2
1357,ID_OTWSR0ZA,left,t_id_D7NA71la
1358,ID_C47HV1XT,top,t_id_hRzOoJ2t
1359,ID_RO4XA6ZX,Right,t_id_k1rScFLB
1360,ID_7FG7NBIV,top,t_id_uIlC9Gfo
1361,ID_UIR6EX0Q,top,t_id_0DPPpRUz
1362,ID_7L425GDO,right,t_id_hRzOoJ2t
1363,ID_RVTQP7MQ,left,t_id_Ts5LyVQz
1364,ID_ZELQUD8J,left,t_id_2QmcRkNj
1365,ID_O3UEXZ81,right,t_id_D0gA44av
1366,ID_PNOSRYJ4,top,t_id_mpuNp8mf
1367,ID_IBM14O7I,top,t_id_8b8sprYe
1368,ID_5WWET6TK,left,t_id_G5eoqwD8
1369,ID_KNSJGLTB,left,t_id_7gFFZy7i
1370,ID_BPC4VH8E,left,t_id_uJXT7dGu
1371,ID_SLYQTV6O,left,t_id_bYageLYA
1372,ID_9FYKVXDT,left,t_id_D3kHUEgp
1373,ID_QUT448XP,left,t_id_mXD9Bjsb
1374,ID_QQJMURMM,right,t_id_d6aYXtor
1375,ID_PAQ0ZGLY,left,t_id_stWei2Uq
1376,ID_SOVNF34H,left,t_id_stWei2Uq
1377,ID_KQ96XTYX,left,t_id_dc6pjonY
1378,ID_QAAUKJ7L,top,t_id_OqU1NWEA
1379,ID_HV3AKBVY,left,t_id_AMnriNb5
1380,ID_0VJ2FLV9,top,t_id_1KIezxkh
1381,ID_T8Y798CJ,right,t_id_stWei2Uq
1382,ID_YGJ43EVE,top,t_id_uVgs53Cz
1383,ID_5A4X1VE9,left,t_id_uIlC9Gfo
1384,ID_CJA3WEZM,left,t_id_ROFhVsy2
1385,ID_AHLEX8OE,right,t_id_BI99coHt
1386,ID_2M1QR0UQ,right,t_id_dc6pjonY
1387,ID_D8JUZAHG,top,t_id_uJXT7dGu
1388,ID_B0S7N1FI,top,t_id_WDCMGvI4
1389,ID_6XIQRRRF,top,t_id_Kc1tXDbJ
1390,ID_SDYL1Y2T,right,t_id_uIlC9Gfo
1391,ID_FROMZTVJ,right,t_id_hRzOoJ2t
1392,ID_TXA90ZXK,left,t_id_8b8sprYe
1393,ID_5XBNA2NJ,left,t_id_iZQiE7wb
1394,ID_CBTXQAEN,right,t_id_QqeoI5F3
1395,ID_7RIYI4GK,left,t_id_J5dngbNA
1396,ID_2QCEKGLA,right,t_id_1KIezxkh
1397,ID_SH9RND3N,top,t_id_D0gA44av
1398,ID_8676EZNG,right,t_id_BI99coHt
1399,ID_332W0EFB,right,t_id_G5eoqwD8
1400,ID_40BUCYTX,top,t_id_ROFhVsy2
1401,ID_38NFN6PE,right,t_id_15bo4NKD
1402,ID_REBWMEP1,left,t_id_smNwfXAT
1403,ID_WCMX6SXA,right,t_id_Ts5LyVQz
1404,ID_9TX4BMNC,left,t_id_2Yn71r7R
1405,ID_WG39AF3V,left,t_id_YjXYTCGC
1406,ID_9U6AFLQ2,left,t_id_niEvmwXu
1407,ID_ZC2Q3MO8,right,t_id_MwnEYfqe
1408,ID_3SR2SQN6,right,t_id_0g31STvR
1409,ID_NE20U4TV,right,t_id_uVgs53Cz
1410,ID_P3H6J4DT,top,t_id_VP2NW7aV
1411,ID_PZX9VUW2,right,t_id_ksTLswDT
1412,ID_RA3EQ2HS,Top,t_id_3b65X5Lw
1413,ID_HDJ3VN0U,top,t_id_VP2NW7aV
1414,ID_V76J30PS,right,t_id_G5eoqwD8
1415,ID_5J4DI15N,right,t_id_YjXYTCGC
1416,ID_XXYNIH4F,right,t_id_uIlC9Gfo
1417,ID_9RXN6PV6,right,t_id_BI99coHt
1418,ID_A836LG1I,top,t_id_fjHGjp1w
1419,ID_XG5CVHSP,left,t_id_DPYQnZyv
1420,ID_VWX348Z2,top,t_id_AMnriNb5
1421,ID_8EL5354T,top,t_id_mpuNp8mf
1422,ID_D03LNX1J,left,t_id_Lhp87PBX
1423,ID_1LVKGE2I,left,t_id_uMOOrQu7
1424,ID_TENORLIN,right,t_id_ROFhVsy2
1425,ID_91U026T4,left,t_id_Kf73l69A
1426,ID_BPD3Z5R8,left,t_id_YjXYTCGC
1427,ID_BFZXPZWY,right,t_id_87CLFCvE
1428,ID_Y2OZSDPL,right,t_id_3K93fQBS
1429,ID_ZY15TQYT,left,t_id_stWei2Uq
1430,ID_WPOXDVN4,right,t_id_fxTQ5vHC
1431,ID_7M8DK0OK,top,t_id_72SiiZCp
1432,ID_Z70AOH5I,left,t_id_D3kHUEgp
1433,ID_IV5EDQKX,right,t_id_YjXYTCGC
1434,ID_UDBC2MSD,top,t_id_4ZfTUmwL
1435,ID_IT3KIFGF,left,t_id_tjWepji1
1436,ID_6O0T2FPB,left,t_id_DPYQnZyv
1437,ID_EMMOQ0S4,top,t_id_BI99coHt
1438,ID_GEKSPPDF,Right,t_id_HxxqrdTx
1439,ID_F2NTBK8F,left,t_id_dVQ4x3wz
1440,ID_KK2AFQCU,top,t_id_hRzOoJ2t
1441,ID_RBFXP1Z9,right,t_id_VFb44eFm
1442,ID_COXK06EB,left,t_id_AOWArhGb
1443,ID_RWNK17IG,left,t_id_g9Fz8PH7
1444,ID_J0MPIDHI,left,t_id_AOWArhGb
1445,ID_XWGOE98I,right,t_id_15bo4NKD
1446,ID_V06YGGTX,right,t_id_Kf73l69A
1447,ID_KN4NI8W0,right,t_id_ROFhVsy2
1448,ID_HBXTDFDP,right,t_id_hRzOoJ2t
1449,ID_AYEFJ4R5,top,t_id_G5eoqwD8
1450,ID_H5XAB08S,top,t_id_qZ0iZYsC
1451,ID_QE4ICKEI,top,t_id_2QmcRkNj
1452,ID_S2MXGMP8,top,t_id_X3bKBWYW
1453,ID_BMA15GQL,top,t_id_fjHGjp1w
1454,ID_DRQ2ZEBQ,right,t_id_ROFhVsy2
1455,ID_184JGJF5,top,t_id_KysHzQQK
1456,ID_UQLUZB4A,top,t_id_VP2NW7aV
1457,ID_80RRM6NW,right,t_id_a4VYrmyA
1458,ID_0YAZWB2L,left,t_id_stWei2Uq
1459,ID_F0G8Z18S,top,t_id_m2JvEcsg
1460,ID_TTABJPWV,top,t_id_AOWArhGb
1461,ID_0KQJ1TYW,top,t_id_72SiiZCp
1462,ID_V6HX27DY,Left,t_id_3b65X5Lw
1463,ID_C5MUH5W6,right,t_id_4ZfTUmwL
1464,ID_TE6RBMMW,right,t_id_D7NA71la
1465,ID_AREMMM5B,right,t_id_n2FBHk6d
1466,ID_9QPYWFMK,left,t_id_NW7wn8TC
1467,ID_5FZIZ4AO,right,t_id_15bo4NKD
1468,ID_PZ4R21NL,right,t_id_VP2NW7aV
1469,ID_QDMEDCO9,left,t_id_uJXT7dGu
1470,ID_2598ECXH,top,t_id_Kf73l69A
1471,ID_QE5Q7GD0,left,t_id_YjXYTCGC
1472,ID_UCEPNVYH,left,t_id_BI99coHt
1473,ID_XO6ONIW3,Top,t_id_GOIvCduN
1474,ID_99SV2M1A,top,t_id_4ZfTUmwL
1475,ID_AFYYP6H7,top,t_id_VP2NW7aV
1476,ID_PUPUSSE0,top,t_id_utw0thCe
1477,ID_QLZGM4NC,top,t_id_D7NA71la
1478,ID_SBTL29PQ,right,t_id_DPYQnZyv
1479,ID_MS8JVDYS,left,t_id_HcnnlRda
1480,ID_D7AK3ZIV,right,t_id_G5JLzvai
1481,ID_MWB1ZOLQ,top,t_id_Lhp87PBX
1482,ID_1P5BX7XH,right,t_id_pCO59rOk
1483,ID_J92HGH18,left,t_id_3fKmnkBS
1484,ID_SBJ4SKGU,top,t_id_IP3xtKuX
1485,ID_N0LQS5D0,top,t_id_smNwfXAT
1486,ID_UK7DH6ZK,right,t_id_OqU1NWEA
1487,ID_F6JVKX4Q,left,t_id_uIlC9Gfo
1488,ID_AITOQ47O,top,t_id_hRzOoJ2t
1489,ID_GAPD6XLB,left,t_id_Kf73l69A
1490,ID_AAADX5P2,left,t_id_FBsGDJhU
1491,ID_B9KO5TGV,right,t_id_gGQbn7FA
1492,ID_SW5ZYY6Q,top,t_id_fjHGjp1w
1493,ID_W4ZL6WG8,left,t_id_Dv4O8bOM
1494,ID_74D61SAT,top,t_id_mpuNp8mf
1495,ID_R1NWV4PP,top,t_id_G5eoqwD8
1496,ID_PYA5ISEH,right,t_id_ROFhVsy2
1497,ID_F0B7TMYR,Right,t_id_3b65X5Lw
1498,ID_3WIO6HB9,right,t_id_AMnriNb5
1499,ID_T8K76XGB,top,t_id_DbmclTcj
1500,ID_JBN8AVWT,right,t_id_n2FBHk6d
1501,ID_8QREX315,right,t_id_0DPPpRUz
1502,ID_XM2928BC,right,t_id_IP1t15lD
1503,ID_OX2E6P2N,left,t_id_ROFhVsy2
1504,ID_PE8ZVLPZ,right,t_id_IP1t15lD
1505,ID_MQOTPTUW,top,t_id_3K93fQBS
1506,ID_ZYTRP3VN,left,t_id_ip3jsrYo
1507,ID_FCKO56U3,right,t_id_ROFhVsy2
1508,ID_0KMB0NN4,left,t_id_MwnEYfqe
1509,ID_KB1F3SI6,top,t_id_Kf73l69A
1510,ID_ZN6QMQAK,left,t_id_uJXT7dGu
1511,ID_GWLQRT6Z,top,t_id_GrxmyS59
1512,ID_YVFYCA1S,top,t_id_Ts5LyVQz
1513,ID_OY6I8BFG,top,t_id_72SiiZCp
1514,ID_ABT2LTYY,top,t_id_YjXYTCGC
1515,ID_432LRHPR,Left,t_id_3b65X5Lw
1516,ID_7LLXMMHO,top,t_id_WXXcPTSW
1517,ID_UQ71Z428,right,t_id_fjHGjp1w
1518,ID_GPB4AMKP,top,t_id_G5eoqwD8
1519,ID_W5880D4D,top,t_id_ROFhVsy2
1520,ID_5Y4N29AA,right,t_id_smNwfXAT
1521,ID_G6SJF8N0,top,t_id_Imm5pnNf
1522,ID_Q1VDOSUM,left,t_id_VP2NW7aV
1523,ID_TR3FW0YH,left,t_id_1KIezxkh
1524,ID_YU5NLRWW,left,t_id_n2FBHk6d
1525,ID_N9XVAHD9,right,t_id_Ts5LyVQz
1526,ID_WYTYM68R,left,t_id_BI99coHt
1527,ID_TXUBHN1C,top,t_id_n2FBHk6d
1528,ID_A5OKYOM8,left,t_id_G5eoqwD8
1529,ID_MOMO15HX,top,t_id_uJXT7dGu
1530,ID_1BGNVTGM,Right,t_id_HxxqrdTx
1531,ID_8AYNYFOU,right,t_id_VP2NW7aV
1532,ID_J6ST5JG8,top,t_id_bYageLYA
1533,ID_OVYZTN8A,top,t_id_uMOOrQu7
1534,ID_TQ8BLTY0,right,t_id_AMnriNb5
1535,ID_QSOQ8ZSP,top,t_id_2QmcRkNj
1536,ID_XY46UGAU,right,t_id_C0wevyOl
1537,ID_VXPYTIWK,left,t_id_3K93fQBS
1538,ID_OCG94TZX,Right,t_id_k1rScFLB
1539,ID_NO78233G,left,t_id_X3bKBWYW
1540,ID_BFL1TIYI,top,t_id_0g31STvR
1541,ID_QPP4C9R6,top,t_id_KysHzQQK
1542,ID_718P57CN,right,t_id_D3kHUEgp
1543,ID_KTYPT460,left,t_id_utw0thCe
1544,ID_PLE6N9NR,top,t_id_8b8sprYe
1545,ID_KTH1Q7II,top,t_id_DPYQnZyv
1546,ID_AXJMNQD5,top,t_id_pCO59rOk
1547,ID_KH6DE9HZ,left,t_id_72SiiZCp
1548,ID_RT916ZQG,right,t_id_HcnnlRda
1549,ID_AI2LPMNR,top,t_id_IlO9BOKc
1550,ID_TOYTUUDJ,top,t_id_1KIezxkh
1551,ID_RP6LK8ME,left,t_id_fxTQ5vHC
1552,ID_8V6PIS8I,top,t_id_2E8o5Jtl
1553,ID_MTVC0PF9,left,t_id_gJaKYxBQ
1554,ID_YVSYALQP,left,t_id_mpuNp8mf
1555,ID_PDIIY0HR,right,t_id_uIlC9Gfo
1556,ID_TGOL2RTX,top,t_id_IP1t15lD
1557,ID_TG6LPJ12,right,t_id_Ts5LyVQz
1558,ID_3RFFJLZ0,top,t_id_m2JvEcsg
1559,ID_Q3NWKOS8,left,t_id_8b8sprYe
1560,ID_SA77TLMN,left,t_id_fxTQ5vHC
1561,ID_M1IOXDQU,left,t_id_2QmcRkNj
1562,ID_C9867NV5,right,t_id_GrxmyS59
1563,ID_RL1661JE,left,t_id_bYageLYA
1564,ID_0ILV12LP,right,t_id_3K93fQBS
1565,ID_PJ11N98G,Left,t_id_k1rScFLB
1566,ID_MOHPCR7C,right,t_id_uJXT7dGu
1567,ID_UB582XNA,left,t_id_DPYQnZyv
1568,ID_F0M88XAH,top,t_id_ROFhVsy2
1569,ID_YO7MAMCV,Left,t_id_3b65X5Lw
1570,ID_KL5C0ATQ,right,t_id_ROFhVsy2
1571,ID_6ECGIEN9,right,t_id_15bo4NKD
1572,ID_SMI0RMXB,left,t_id_VP2NW7aV
1573,ID_QQFC5AHE,right,t_id_9GFmcOd5
1574,ID_J077RZTD,top,t_id_d6aYXtor
1575,ID_BQZWMZ6R,left,t_id_dc6pjonY
1576,ID_I4Q3D4LO,left,t_id_ROFhVsy2
1577,ID_JE1E4EHC,right,t_id_3K93fQBS
1578,ID_URBX4MMR,top,t_id_bYageLYA
1579,ID_KLR52XYJ,left,t_id_ROFhVsy2
1580,ID_5GNR7EMS,right,t_id_D7NA71la
1581,ID_6GZWW0BC,top,t_id_MwnEYfqe
1582,ID_INRFDSIU,top,t_id_g9Fz8PH7
1583,ID_AXLAD83F,top,t_id_QqeoI5F3
1584,ID_ODPRF7WO,right,t_id_3fKmnkBS
1585,ID_PKHY49FR,top,t_id_HcnnlRda
1586,ID_MJJZGOFP,right,t_id_1KIezxkh
1587,ID_JAV4V6Y8,left,t_id_gz3whk0q
1588,ID_JNVDN1VK,top,t_id_JI6ba2Yx
1589,ID_U0FMS8SY,left,t_id_EEbWq5Pj
1590,ID_U5NYR6RZ,top,t_id_9GFmcOd5
1591,ID_1BI2BZ0J,right,t_id_HcnnlRda
1592,ID_U2M2B4H3,top,t_id_dVQ4x3wz
1593,ID_60HZPQNA,top,t_id_m2JvEcsg
1594,ID_LTJW82SQ,right,t_id_G5eoqwD8
1595,ID_489J52MZ,left,t_id_utw0thCe
1596,ID_YZYMPK3A,top,t_id_BI99coHt
1597,ID_EFGS5VBZ,top,t_id_VP2NW7aV
1598,ID_87X4OZIA,top,t_id_3fKmnkBS
1599,ID_LO4RDPO0,Top,t_id_3b65X5Lw
1600,ID_3JBGT4D4,left,t_id_tjWepji1
1601,ID_ZIAKVOXJ,right,t_id_15bo4NKD
1602,ID_T814T7PV,top,t_id_fxTQ5vHC
1603,ID_VYK0UJBM,right,t_id_stWei2Uq
1604,ID_QPPTPV42,left,t_id_Ts5LyVQz
1605,ID_9ZTS8PT2,top,t_id_G5eoqwD8
1606,ID_L3JYLO56,right,t_id_bYageLYA
1607,ID_YXDC3FJ5,left,t_id_dVQ4x3wz
1608,ID_L7M9AD5R,top,t_id_a4VYrmyA
1609,ID_XO046EZO,left,t_id_hRzOoJ2t
1610,ID_BU1339OA,right,t_id_DPYQnZyv
1611,ID_UYNNFHNI,left,t_id_Ts5LyVQz
1612,ID_6RT94V5C,right,t_id_fxTQ5vHC
1613,ID_EXX7E8R8,top,t_id_0g31STvR
1614,ID_XKZGB22P,top,t_id_D3kHUEgp
1615,ID_7MXB55MB,left,t_id_72SiiZCp
1616,ID_OGY3G91Y,top,t_id_AOWArhGb
1617,ID_V8HIJWCK,right,t_id_J5dngbNA
1618,ID_HA4TU4VL,right,t_id_G5eoqwD8
1619,ID_6EZNGL25,right,t_id_Kf73l69A
1620,ID_KGYTRNAZ,right,t_id_hibDzPAP
1621,ID_VBIUJ35S,Right,t_id_GOIvCduN
1622,ID_DVBQBLUQ,right,t_id_WXXcPTSW
1623,ID_2MI7QHMY,left,t_id_15bo4NKD
1624,ID_GF95SSMR,top,t_id_8b8sprYe
1625,ID_CBCS5FT9,left,t_id_X3bKBWYW
1626,ID_SLT9YFGF,top,t_id_VP2NW7aV
1627,ID_HX2USZ88,top,t_id_utw0thCe
1628,ID_7YZHALII,right,t_id_ZfvZBX4Q
1629,ID_QIEXTKDE,top,t_id_fjHGjp1w
1630,ID_73XF8XT6,left,t_id_Kf73l69A
1631,ID_TNI912WA,right,t_id_AOWArhGb
1632,ID_0F3ODH2R,left,t_id_8b8sprYe
1633,ID_CFH98U04,top,t_id_AOWArhGb
1634,ID_1N4G9NIX,left,t_id_Kf73l69A
1635,ID_PR5TVG19,right,t_id_fxTQ5vHC
1636,ID_V5O71WV8,top,t_id_ROFhVsy2
1637,ID_MQDFMAW5,top,t_id_e9i3Lbq4
1638,ID_MODGDV0X,right,t_id_uJXT7dGu
1639,ID_SQISG6CL,left,t_id_8b8sprYe
1640,ID_F49JY6I7,top,t_id_dVQ4x3wz
1641,ID_7BBFJQ54,Left,t_id_3b65X5Lw
1642,ID_QQI5GHYN,left,t_id_dVQ4x3wz
1643,ID_XYPL99FT,right,t_id_VP2NW7aV
1644,ID_7AQ41OIF,right,t_id_JI6ba2Yx
1645,ID_NAJ0DGI5,top,t_id_ip3jsrYo
1646,ID_YOFF8RZI,Left,t_id_B7LaSiac
1647,ID_UGVZW1XI,top,t_id_BXWccqAn
1648,ID_3IICZVWM,top,t_id_4ZfTUmwL
1649,ID_O2MD91QZ,left,t_id_Dv4O8bOM
1650,ID_B8KBVTC0,right,t_id_utw0thCe
1651,ID_G6TQ9VW8,left,t_id_hRzOoJ2t
1652,ID_ET69XC86,top,t_id_bYageLYA
1653,ID_IIE083HR,left,t_id_3fKmnkBS
1654,ID_WJCD31XD,left,t_id_IP1t15lD
1655,ID_OD6NGW5V,top,t_id_EEbWq5Pj
1656,ID_XQ1W0O1H,top,t_id_IlO9BOKc
1657,ID_AAHFIBVY,left,t_id_n2FBHk6d
1658,ID_ET0Y1QX4,top,t_id_Ts5LyVQz
1659,ID_49SFWMMF,left,t_id_gGQbn7FA
1660,ID_D0GPXYHE,right,t_id_UVQa4BMz
1661,ID_ZWHZBX92,top,t_id_Kc1tXDbJ
1662,ID_K4TL0SZ1,right,t_id_hibDzPAP
1663,ID_QXYZOFEH,left,t_id_3K93fQBS
1664,ID_URTL0SBO,left,t_id_9GFmcOd5
1665,ID_2YD83LJI,left,t_id_4ZfTUmwL
1666,ID_YA0Y3B8U,right,t_id_DbmclTcj
1667,ID_5EXO9GOM,left,t_id_iD9ikw6Y
1668,ID_B4CTWCX6,left,t_id_stWei2Uq
1669,ID_N7UAFGID,right,t_id_gGQbn7FA
1670,ID_W63WB7OZ,top,t_id_VFb44eFm
1671,ID_V04FA636,left,t_id_15bo4NKD
1672,ID_N0DQJLIU,left,t_id_ROFhVsy2
1673,ID_H9CEX41T,left,t_id_9GFmcOd5
1674,ID_AZGVPHVW,right,t_id_JI6ba2Yx
1675,ID_0N6POAB2,left,t_id_8b8sprYe
1676,ID_7MV7535P,top,t_id_Kc1tXDbJ
1677,ID_IZNCCEGL,left,t_id_8b8sprYe
1678,ID_W0NX51ZP,top,t_id_gGQbn7FA
1679,ID_3D3K292W,left,t_id_BXWccqAn
1680,ID_S64CQM1R,top,t_id_Ts5LyVQz
1681,ID_701AZ5J0,left,t_id_m2JvEcsg
1682,ID_FNVGVT96,right,t_id_G5eoqwD8
1683,ID_0VVR6NIJ,right,t_id_AMnriNb5
1684,ID_WPYV2YLJ,left,t_id_WDCMGvI4
1685,ID_4TXEAAM1,left,t_id_72SiiZCp
1686,ID_VO07FB2B,top,t_id_hRzOoJ2t
1687,ID_4BX9A9CZ,left,t_id_7gFFZy7i
1688,ID_OZ2WERG1,top,t_id_YjXYTCGC
1689,ID_DD5X1BR5,right,t_id_87CLFCvE
1690,ID_IE91ZC7K,top,t_id_JI6ba2Yx
1691,ID_XF6ATGL3,right,t_id_DbmclTcj
1692,ID_WMN78YC3,left,t_id_7gFFZy7i
1693,ID_ENJDS8AB,top,t_id_stWei2Uq
1694,ID_59D8RK5O,left,t_id_Kf73l69A
1695,ID_A6HS5I59,right,t_id_d6aYXtor
1696,ID_P515ULFO,left,t_id_Kf73l69A
1697,ID_H84PIIC5,left,t_id_GrxmyS59
1698,ID_3BQDO5F8,left,t_id_n2FBHk6d
1699,ID_VN4CLUXF,top,t_id_IlO9BOKc
1700,ID_ZUX7C2SU,top,t_id_HcnnlRda
1701,ID_E49XSP1C,right,t_id_G5JLzvai
1702,ID_R4IUEQZR,right,t_id_JI6ba2Yx
1703,ID_7LLRK7AZ,top,t_id_niEvmwXu
1704,ID_S8P2K4NN,Top,t_id_p77GDtzg
1705,ID_BLEM1I3U,left,t_id_D0gA44av
1706,ID_AUPYBCNU,right,t_id_GrxmyS59
1707,ID_NOG57Y9Y,left,t_id_VP2NW7aV
1708,ID_U5ZW178N,right,t_id_VP2NW7aV
1709,ID_010JDNBL,right,t_id_GrxmyS59
1710,ID_6SSK0AVO,top,t_id_2QmcRkNj
1711,ID_NPTV2A8L,top,t_id_dVQ4x3wz
1712,ID_Z7QXBMIT,right,t_id_0DPPpRUz
1713,ID_PILD3ESN,left,t_id_4XiPKIk7
1714,ID_XXMUZJ9K,top,t_id_fjHGjp1w
1715,ID_GVL6YFTB,left,t_id_m2JvEcsg
1716,ID_8MK9Y405,right,t_id_iD9ikw6Y
1717,ID_GZ1YV91P,left,t_id_4ZfTUmwL
1718,ID_1GVXTFKL,right,t_id_BI99coHt
1719,ID_5XCDNO3M,left,t_id_WDCMGvI4
1720,ID_2JPJKUEY,right,t_id_AOWArhGb
1721,ID_CGTPZ9M8,left,t_id_15bo4NKD
1722,ID_FXE533TY,right,t_id_DPYQnZyv
1723,ID_VFE8FVYW,top,t_id_9GFmcOd5
1724,ID_2B4Z8UQV,right,t_id_ROFhVsy2
1725,ID_UC0KOY7G,left,t_id_ZfvZBX4Q
1726,ID_MF15LWQ2,right,t_id_gz3whk0q
1727,ID_PN1LXCO5,right,t_id_gJaKYxBQ
1728,ID_Q8ZTJWNM,left,t_id_7gFFZy7i
1729,ID_R05AIULT,right,t_id_72SiiZCp
1730,ID_VCJ6HTOQ,right,t_id_3K93fQBS
1731,ID_F0S37ZLQ,left,t_id_IlO9BOKc
1732,ID_V2EOE1MX,left,t_id_WDCMGvI4
1733,ID_11TL3SYA,left,t_id_ROFhVsy2
1734,ID_OZW4HSQ1,top,t_id_Kc1tXDbJ
1735,ID_BMNCWXQM,top,t_id_fjHGjp1w
1736,ID_53HQWAOW,right,t_id_87CLFCvE
1737,ID_A9H49RVX,Left,t_id_k1rScFLB
1738,ID_9VLHFF1Q,right,t_id_2E8o5Jtl
1739,ID_1WUOBP46,left,t_id_AOWArhGb
1740,ID_XVHGNJPB,right,t_id_VP2NW7aV
1741,ID_9OYMEZ6X,left,t_id_D0gA44av
1742,ID_GG1XQW7R,top,t_id_BXWccqAn
1743,ID_9KQ5XB2O,right,t_id_hRzOoJ2t
1744,ID_U7J1OX23,right,t_id_m2JvEcsg
1745,ID_9KZ62BL0,left,t_id_BI99coHt
1746,ID_96032KZU,top,t_id_fjHGjp1w
1747,ID_N4AB0ABG,left,t_id_d6aYXtor
1748,ID_MAM3AMA5,top,t_id_G5eoqwD8
1749,ID_IIZ0I8ZV,top,t_id_D7NA71la
1750,ID_XMV8L4BU,right,t_id_J24awAHQ
1751,ID_442DRHCA,top,t_id_SwQZGIpa
1752,ID_LSM75ZO7,top,t_id_m2JvEcsg
1753,ID_FV1V45AN,right,t_id_hRzOoJ2t
1754,ID_9IMJWIB1,left,t_id_g9Fz8PH7
1755,ID_5N0ZOGBZ,top,t_id_G5JLzvai
1756,ID_L32ZR5ZR,top,t_id_X3bKBWYW
1757,ID_1U29KROW,left,t_id_tjWepji1
1758,ID_9FHF784F,top,t_id_SwQZGIpa
1759,ID_XCDRA49K,left,t_id_uIlC9Gfo
1760,ID_4XFAYVLG,top,t_id_QqeoI5F3
1761,ID_UYABW37Q,top,t_id_iD9ikw6Y
1762,ID_JKOG0HTT,left,t_id_AOWArhGb
1763,ID_5B9ZLN2R,left,t_id_J5dngbNA
1764,ID_9SDMLUBG,right,t_id_HcnnlRda
1765,ID_I07UOR7C,left,t_id_BXWccqAn
1766,ID_IMXXEEA4,top,t_id_G5eoqwD8
1767,ID_ITH146TN,left,t_id_mpuNp8mf
1768,ID_5PFFGQ9H,top,t_id_OqU1NWEA
1769,ID_1K6QG62O,right,t_id_n2FBHk6d
1770,ID_2YEPFAZR,right,t_id_72SiiZCp
1771,ID_SK4TQ9IA,top,t_id_72SiiZCp
1772,ID_TB51HHH5,top,t_id_dc6pjonY
1773,ID_SHNYCFBF,left,t_id_gGQbn7FA
1774,ID_S65PBNKF,left,t_id_tjWepji1
1775,ID_AE37TD10,left,t_id_87CLFCvE
1776,ID_KH4NV7EX,top,t_id_KysHzQQK
1777,ID_AW3XEVWT,left,t_id_UVQa4BMz
1778,ID_82PQGPKF,left,t_id_mpuNp8mf
1779,ID_2K2N7EEW,left,t_id_IlO9BOKc
1780,ID_5WC9SLMP,top,t_id_ROFhVsy2
1781,ID_S0B9X2YB,top,t_id_fjHGjp1w
1782,ID_PA2177BD,Left,t_id_p77GDtzg
1783,ID_7BPVI6E7,left,t_id_VP2NW7aV
1784,ID_J5KG4FPE,Left,t_id_B7LaSiac
1785,ID_JWP1CF0S,top,t_id_ROFhVsy2
1786,ID_BGS7DQ21,top,t_id_pCO59rOk
1787,ID_B09KHKPV,top,t_id_m2JvEcsg
1788,ID_4N5T1PZP,Right,t_id_k1rScFLB
1789,ID_WOML2HI5,right,t_id_iD9ikw6Y
1790,ID_N6VBVKYX,left,t_id_J24awAHQ
1791,ID_HG1KUM9G,right,t_id_0g31STvR
1792,ID_43A2KYN1,Right,t_id_k1rScFLB
1793,ID_YEUBCICN,left,t_id_uJXT7dGu
1794,ID_HJZ1123L,right,t_id_stWei2Uq
1795,ID_6VSIUY2M,left,t_id_hRzOoJ2t
1796,ID_JDXOZF9A,right,t_id_Imm5pnNf
1797,ID_R6RN36AS,top,t_id_dhdJMT1K
1798,ID_0S4IF2K2,top,t_id_8b8sprYe
1799,ID_AKYH8ZEL,left,t_id_uJXT7dGu
1800,ID_RCMM0SLR,left,t_id_hRzOoJ2t
1801,ID_NRPR0F4E,left,t_id_niEvmwXu
1802,ID_XRET5QT2,left,t_id_MwnEYfqe
1803,ID_TK8TAHMT,right,t_id_Dv4O8bOM
1804,ID_W4BQI0EK,right,t_id_IlO9BOKc
1805,ID_6DVOCAKS,right,t_id_WDCMGvI4
1806,ID_8FNR12TS,right,t_id_pCO59rOk
1807,ID_8NH0PR2J,right,t_id_87CLFCvE
1808,ID_KDKUFPSO,right,t_id_m2JvEcsg
1809,ID_EWZKENUH,top,t_id_uJXT7dGu
1810,ID_KIJOI5FD,left,t_id_D7NA71la
1811,ID_67RL74YI,left,t_id_gGQbn7FA
1812,ID_YX6DUAVP,top,t_id_9GFmcOd5
1813,ID_QK34X58A,top,t_id_DPYQnZyv
1814,ID_8QMZ6R5U,right,t_id_G5eoqwD8
1815,ID_J0R8TIEA,right,t_id_pCO59rOk
1816,ID_OP3YU88T,top,t_id_bYageLYA
1817,ID_C5Z0GIBX,right,t_id_niEvmwXu
1818,ID_5F3UK4KI,left,t_id_1KIezxkh
1819,ID_J9N4QAU6,left,t_id_VFb44eFm
1820,ID_5OPXS9LQ,right,t_id_AOWArhGb
1821,ID_0Y7QBGIB,top,t_id_4ZfTUmwL
1822,ID_WPOMNQSN,Right,t_id_B7LaSiac
1823,ID_AT4ZODWQ,right,t_id_KysHzQQK
1824,ID_HZF25C9E,left,t_id_hibDzPAP
1825,ID_0YJ5D3IF,left,t_id_ROFhVsy2
1826,ID_WR6FUMSZ,left,t_id_MwnEYfqe
1827,ID_1D4KU714,top,t_id_niEvmwXu
1828,ID_Q63HDLEX,top,t_id_ip3jsrYo
1829,ID_OQPR97ZJ,left,t_id_UVQa4BMz
1830,ID_HIXCWF9O,top,t_id_3fKmnkBS
1831,ID_ZEGMO44L,top,t_id_Lhp87PBX
1832,ID_RTCR3R4K,right,t_id_mpuNp8mf
1833,ID_MJO1VH1M,left,t_id_ksTLswDT
1834,ID_6KEFH5SM,left,t_id_X3bKBWYW
1835,ID_FF6OQOPC,right,t_id_VP2NW7aV
1836,ID_GWH8XK5E,top,t_id_ROFhVsy2
1837,ID_GD00ZVCX,right,t_id_hRzOoJ2t
1838,ID_BQX9JA7L,left,t_id_G5eoqwD8
1839,ID_ASNG5XJI,right,t_id_YjXYTCGC
1840,ID_Z94HONDY,top,t_id_bYageLYA
1841,ID_QU116P85,left,t_id_GrxmyS59
1842,ID_9OVYYGZE,right,t_id_BI99coHt
1843,ID_QC0HY681,right,t_id_iD9ikw6Y
1844,ID_V65UTVHG,top,t_id_gJaKYxBQ
1845,ID_4XDLN4PZ,right,t_id_Ts5LyVQz
1846,ID_BS74PJ22,left,t_id_a4VYrmyA
1847,ID_WHJ2G4NP,left,t_id_15bo4NKD
1848,ID_RK255JSD,top,t_id_WXXcPTSW
1849,ID_0DOWCQVL,top,t_id_stWei2Uq
1850,ID_M8I33K2X,right,t_id_GrxmyS59
1851,ID_LPG4581L,left,t_id_AOWArhGb
1852,ID_AUC99TJX,top,t_id_tjWepji1
1853,ID_MZQY5H5G,right,t_id_a4VYrmyA
1854,ID_WKZM3KRR,left,t_id_utw0thCe
1855,ID_EDSSGC0F,left,t_id_fxTQ5vHC
1856,ID_A7CQ2PJ7,right,t_id_ifWwxWF4
1857,ID_6IGHJWBY,left,t_id_qZ0iZYsC
1858,ID_OHTSNM7U,right,t_id_IP3xtKuX
1859,ID_6AD9A5MV,left,t_id_DPYQnZyv
1860,ID_Q95C8GZY,top,t_id_DPYQnZyv
1861,ID_0G8SI7HQ,left,t_id_G5JLzvai
1862,ID_XRQ3CRHU,top,t_id_3fKmnkBS
1863,ID_GO29AP3N,top,t_id_IP1t15lD
1864,ID_48RWI5MN,right,t_id_3K93fQBS
1865,ID_ZL79ZOVW,top,t_id_72SiiZCp
1866,ID_7N3XYKU0,left,t_id_utw0thCe
1867,ID_1OR37Y07,right,t_id_dhdJMT1K
1868,ID_A1USBZOO,top,t_id_JI6ba2Yx
1869,ID_1JOTYWTI,right,t_id_BXWccqAn
1870,ID_2WZGLEX7,left,t_id_BI99coHt
1871,ID_HSA23DFM,top,t_id_J5dngbNA
1872,ID_ESH8U2PT,left,t_id_GrxmyS59
1873,ID_P50ZTBK1,right,t_id_G5eoqwD8
1874,ID_LG6W6530,left,t_id_ROFhVsy2
1875,ID_4ZSD640L,right,t_id_g9Fz8PH7
1876,ID_XAYZPM0M,right,t_id_tjWepji1
1877,ID_S15SGT55,top,t_id_VP2NW7aV
1878,ID_LQ0TPVJV,right,t_id_e9i3Lbq4
1879,ID_B112YFS6,Left,t_id_3b65X5Lw
1880,ID_UR0527D9,left,t_id_0g31STvR
1881,ID_3EEVOO7W,top,t_id_gGQbn7FA
1882,ID_IENF3D5R,right,t_id_utw0thCe
1883,ID_C7HOAIJC,right,t_id_Kf73l69A
1884,ID_QE9H9BMN,top,t_id_MwnEYfqe
1885,ID_JTQ7HZ94,right,t_id_qZ0iZYsC
1886,ID_YV966BYC,left,t_id_DPYQnZyv
1887,ID_AX8J80P7,top,t_id_Ts5LyVQz
1888,ID_Z0Z6TSCB,left,t_id_G5JLzvai
1889,ID_58474N0A,left,t_id_Ts5LyVQz
1890,ID_14F3K393,top,t_id_AOWArhGb
1891,ID_5OYHSZLM,top,t_id_FBsGDJhU
1892,ID_682LHQ6M,top,t_id_YjXYTCGC
1893,ID_SHA7LQDB,top,t_id_mXD9Bjsb
1894,ID_LBV7YOON,right,t_id_mpuNp8mf
1895,ID_25T5KR2Q,left,t_id_hibDzPAP
1896,ID_HL6JCGFO,top,t_id_YjXYTCGC
1897,ID_COF0DX9S,left,t_id_Kf73l69A
1898,ID_D2GGJOKI,right,t_id_Kc1tXDbJ
1899,ID_J9QQJGUI,right,t_id_9GFmcOd5
1900,ID_VKKPUH4P,top,t_id_3K93fQBS
1901,ID_IPO29KGW,left,t_id_15bo4NKD
1902,ID_KY57ZBP6,left,t_id_tjWepji1
1903,ID_L9DRNM0B,right,t_id_SwQZGIpa
1904,ID_RN5SJCUS,left,t_id_tjWepji1
1905,ID_30LF8R9H,left,t_id_hRzOoJ2t
1906,ID_H6059ZJJ,right,t_id_Ts5LyVQz
1907,ID_DJ2MET4W,top,t_id_87CLFCvE
1908,ID_A53YPYJV,right,t_id_ZfvZBX4Q
1909,ID_SFQE9FQ9,left,t_id_D7NA71la
1910,ID_339CY33I,top,t_id_gz3whk0q
1911,ID_TNNGKAUR,left,t_id_mpuNp8mf
1912,ID_XJKMKXHC,top,t_id_ROFhVsy2
1913,ID_FX35XZJ6,left,t_id_Imm5pnNf
1914,ID_BBSEK21T,left,t_id_gJaKYxBQ
1915,ID_GFBHYC4I,top,t_id_a4VYrmyA
1916,ID_EMH32ESR,right,t_id_uMOOrQu7
1917,ID_DS1W5031,left,t_id_tjWepji1
1918,ID_8V86H239,top,t_id_dVQ4x3wz
1919,ID_ZNWNLIEJ,right,t_id_uJXT7dGu
1920,ID_WX1YJH6T,top,t_id_hRzOoJ2t
1921,ID_P2KUGMSZ,top,t_id_m2JvEcsg
1922,ID_IAE06Z4R,top,t_id_NW7wn8TC
1923,ID_IF70J1G2,left,t_id_BI99coHt
1924,ID_1KKOIHIV,top,t_id_uVgs53Cz
1925,ID_PRY0XJOW,left,t_id_2Yn71r7R
1926,ID_DO1ZMLIJ,right,t_id_uIlC9Gfo
1927,ID_EIL6K5YY,top,t_id_BI99coHt
1928,ID_B9VCJDV2,left,t_id_D0gA44av
1929,ID_I5XYLB3F,left,t_id_Kc1tXDbJ
1930,ID_8G9Z0REI,top,t_id_fjHGjp1w
1931,ID_8ZLIG62K,right,t_id_8b8sprYe
1932,ID_IQYJYEOK,left,t_id_GrxmyS59
1933,ID_AC2YBR8A,top,t_id_0g31STvR
1934,ID_1DXDE9JV,left,t_id_Ts5LyVQz
1935,ID_ZRFREAK3,top,t_id_FBsGDJhU
1936,ID_VXLMBRF3,right,t_id_4XiPKIk7
1937,ID_A053YCSB,right,t_id_D0gA44av
1938,ID_BVXNXJB0,left,t_id_a4VYrmyA
1939,ID_DD6N21V1,top,t_id_ROFhVsy2
1940,ID_F003CU3F,Left,t_id_GOIvCduN
1941,ID_Z6FNFY8I,left,t_id_dVQ4x3wz
1942,ID_X5VBB0IK,left,t_id_hRzOoJ2t
1943,ID_WYFZLD6Z,top,t_id_UVQa4BMz
1944,ID_9KEUKNY2,top,t_id_ifWwxWF4
1945,ID_WNIFCX6U,left,t_id_hRzOoJ2t
1946,ID_UZ8F3JRC,top,t_id_KysHzQQK
1947,ID_46RTG9VG,top,t_id_Ts5LyVQz
1948,ID_7N1REGEV,right,t_id_EEbWq5Pj
1949,ID_SQ06OP9G,left,t_id_YjXYTCGC
1950,ID_SVCJRIEI,right,t_id_2E8o5Jtl
1951,ID_218CP5R0,left,t_id_hRzOoJ2t
1952,ID_GCEU4OI7,top,t_id_D3kHUEgp
1953,ID_575UBYT3,right,t_id_smNwfXAT
1954,ID_QOP5N642,right,t_id_15bo4NKD
1955,ID_ZREZC1ZG,left,t_id_YjXYTCGC
1956,ID_9WTSG2MZ,left,t_id_hibDzPAP
1957,ID_TG6J6I2T,top,t_id_8b8sprYe
1958,ID_ZSYDP5RI,top,t_id_ZfvZBX4Q
1959,ID_96UVYWDN,right,t_id_tjWepji1
1960,ID_8XKLAS91,right,t_id_BI99coHt
1961,ID_0INOHY6I,top,t_id_dVQ4x3wz
1962,ID_B17TP7Z5,left,t_id_ROFhVsy2
1963,ID_UZM64SPZ,top,t_id_2E8o5Jtl
1964,ID_AZSWVKFQ,left,t_id_FBsGDJhU
1965,ID_L0EKS159,top,t_id_mpuNp8mf
1966,ID_SHF7EPUM,left,t_id_KysHzQQK
1967,ID_VS9OUM7K,right,t_id_G5eoqwD8
1968,ID_8MNS908N,right,t_id_GrxmyS59
1969,ID_6BHLTFXH,right,t_id_WDCMGvI4
1970,ID_HDWOZAWG,Right,t_id_p77GDtzg
1971,ID_7TUD0AU0,right,t_id_uVgs53Cz
1972,ID_8KTKVNCU,left,t_id_9GFmcOd5
1973,ID_5Q2N2S7F,right,t_id_fjHGjp1w
1974,ID_I5JWVGLH,right,t_id_e9i3Lbq4
1975,ID_UZEE6OYC,right,t_id_HcnnlRda
1976,ID_2RK7C1QN,left,t_id_hRzOoJ2t
1977,ID_Q791I9P4,left,t_id_72SiiZCp
1978,ID_W5REUH7W,right,t_id_VP2NW7aV
1979,ID_XWSPU2VM,left,t_id_WXXcPTSW
1980,ID_IR0IHQ7V,right,t_id_utw0thCe
1981,ID_DZ9SO2W5,left,t_id_MwnEYfqe
1982,ID_XGR48J5M,Top,t_id_3b65X5Lw
1983,ID_DAJIOZB4,right,t_id_9GFmcOd5
1984,ID_9HPYHO2V,left,t_id_n2FBHk6d
1985,ID_VF20L2VY,left,t_id_ZfvZBX4Q
1986,ID_VQOF4YT6,top,t_id_G5eoqwD8
1987,ID_1X7A1UEI,right,t_id_pCO59rOk
1988,ID_VLN1K7OL,right,t_id_BI99coHt
1989,ID_ZIRA79HX,right,t_id_9GFmcOd5
1990,ID_ZLD90OV1,top,t_id_AMnriNb5
1991,ID_MEZPOPKK,left,t_id_ROFhVsy2
1992,ID_QB6M362S,left,t_id_ROFhVsy2
1993,ID_CQDCBC5D,Top,t_id_HxxqrdTx
1994,ID_W3LR583R,right,t_id_stWei2Uq
1995,ID_8UQZVQ0A,top,t_id_72SiiZCp
1996,ID_6GKENQ04,left,t_id_AMnriNb5
1997,ID_HLZSTV7R,left,t_id_ZfvZBX4Q
1998,ID_8DYA7KAQ,right,t_id_VP2NW7aV
1999,ID_AZ14M63B,right,t_id_gGQbn7FA
2000,ID_QA4MB57L,right,t_id_hRzOoJ2t
2001,ID_IU5UT4OY,top,t_id_iZQiE7wb
2002,ID_CVJ4OI5E,right,t_id_dVQ4x3wz
2003,ID_FNCYJO4N,Left,t_id_GOIvCduN
2004,ID_TCRAK2SL,left,t_id_AOWArhGb
2005,ID_T0BU3UA4,top,t_id_MwnEYfqe
2006,ID_2LDLI6PP,top,t_id_hibDzPAP
2007,ID_NQAIDW51,top,t_id_Kc1tXDbJ
2008,ID_2MEG03I2,right,t_id_VP2NW7aV
2009,ID_2HX3SP2Q,left,t_id_stWei2Uq
2010,ID_5XXF7ZGL,top,t_id_Ts5LyVQz
2011,ID_BUYIHPE9,left,t_id_tjWepji1
2012,ID_FZYBELYA,left,t_id_DPYQnZyv
2013,ID_YX82QI6R,top,t_id_JI6ba2Yx
2014,ID_12TAY32Q,top,t_id_D0gA44av
2015,ID_Z5KA8C2M,right,t_id_ROFhVsy2
2016,ID_GFBJPJGS,top,t_id_fjHGjp1w
2017,ID_NRP1AIT4,right,t_id_WXXcPTSW
2018,ID_HTDZRCNH,left,t_id_2Yn71r7R
2019,ID_N9WSLLJ1,right,t_id_EEbWq5Pj
2020,ID_7OBF2WX4,top,t_id_qZ0iZYsC
2021,ID_87MCP8VR,right,t_id_uJXT7dGu
2022,ID_B52B74Z5,right,t_id_KysHzQQK
2023,ID_54LAOD9M,right,t_id_IP1t15lD
2024,ID_7GN187ZC,left,t_id_utw0thCe
2025,ID_5QUIP8AJ,left,t_id_Imm5pnNf
2026,ID_WCIJAV77,top,t_id_4XiPKIk7
2027,ID_HE249CLY,Left,t_id_3b65X5Lw
2028,ID_LRLI49AW,top,t_id_uJXT7dGu
2029,ID_DAOMPKUD,Top,t_id_HxxqrdTx
2030,ID_M7EZ9KWU,Top,t_id_B7LaSiac
2031,ID_LC0I6KRM,top,t_id_uJXT7dGu
2032,ID_TKQ1T7OM,right,t_id_D7NA71la
2033,ID_TJNHJTF2,left,t_id_m2JvEcsg
2034,ID_ZESG86DZ,left,t_id_iZQiE7wb
2035,ID_A3HOW1FG,left,t_id_GrxmyS59
2036,ID_7450PZW8,right,t_id_tjWepji1
2037,ID_CXCDSK7Q,left,t_id_Ts5LyVQz
2038,ID_F85G6GJO,top,t_id_GrxmyS59
2039,ID_QDMW6DEZ,Left,t_id_B7LaSiac
2040,ID_85TJ2KL3,right,t_id_DPYQnZyv
2041,ID_NTARX8FD,right,t_id_UVQa4BMz
2042,ID_B50MRZGS,top,t_id_VP2NW7aV
2043,ID_WPFYFY2D,right,t_id_uIlC9Gfo
2044,ID_UYH1TYUJ,right,t_id_a4VYrmyA
2045,ID_7BQD0A1H,right,t_id_8b8sprYe
2046,ID_4N7JWS83,left,t_id_QqeoI5F3
2047,ID_P8YFL5T1,left,t_id_mXD9Bjsb
2048,ID_HI0T8Z1X,right,t_id_SwQZGIpa
2049,ID_HKS5X6NS,right,t_id_UVQa4BMz
2050,ID_QENUA1KV,right,t_id_Ts5LyVQz
2051,ID_J515N5MY,top,t_id_smNwfXAT
2052,ID_ZHHPWEGQ,top,t_id_m2JvEcsg
2053,ID_MN9QFBNA,top,t_id_GrxmyS59
2054,ID_Y7DXL8C5,right,t_id_qZ0iZYsC
2055,ID_SNR93SBY,top,t_id_X3bKBWYW
2056,ID_V84NRDHD,left,t_id_tjWepji1
2057,ID_W69Q855F,top,t_id_utw0thCe
2058,ID_ZA705O56,right,t_id_D7NA71la
2059,ID_9T6G5V96,top,t_id_G5eoqwD8
2060,ID_S79L43Q0,right,t_id_ROFhVsy2
2061,ID_OJSSJ2SH,right,t_id_AOWArhGb
2062,ID_ADILYXGS,left,t_id_2QmcRkNj
2063,ID_2MP8SEYX,top,t_id_9GFmcOd5
2064,ID_MCE8QF42,top,t_id_Ts5LyVQz
2065,ID_MXVQP38H,right,t_id_ROFhVsy2
2066,ID_F4PD807Z,top,t_id_uMOOrQu7
2067,ID_Z5Q0HDIU,top,t_id_ksTLswDT
2068,ID_JQZDH8MT,left,t_id_YjXYTCGC
2069,ID_I4RFOCAR,left,t_id_2Yn71r7R
2070,ID_J0UFA2PZ,right,t_id_GrxmyS59
2071,ID_O0ZBUMWU,right,t_id_J5dngbNA
2072,ID_TMK8JF37,right,t_id_8b8sprYe
2073,ID_XYE9KS2L,left,t_id_WDCMGvI4
2074,ID_PZCVSR5Z,top,t_id_ZfvZBX4Q
2075,ID_IEWSNLBH,right,t_id_tjWepji1
2076,ID_81D4WGDY,right,t_id_pCO59rOk
2077,ID_GTBTPHZ6,right,t_id_utw0thCe
2078,ID_WUZ6J5F2,Right,t_id_GOIvCduN
2079,ID_I4R49D77,left,t_id_Dv4O8bOM
2080,ID_78YFIJ0A,top,t_id_J5dngbNA
2081,ID_D3MCT6M9,right,t_id_qZ0iZYsC
2082,ID_Z0YTBU9Y,top,t_id_4XiPKIk7
2083,ID_6W6TGZQI,top,t_id_JI6ba2Yx
2084,ID_J2CD2PTP,left,t_id_GrxmyS59
2085,ID_F8D8X6UF,left,t_id_fxTQ5vHC
2086,ID_NKLZUEVG,left,t_id_uIlC9Gfo
2087,ID_DTTHK4N6,top,t_id_mpuNp8mf
2088,ID_E7T23ZMZ,left,t_id_2E8o5Jtl
2089,ID_S3BLGCHB,right,t_id_JI6ba2Yx
2090,ID_CZ5JH3AI,right,t_id_uVgs53Cz
2091,ID_PEI4Q3OL,right,t_id_hibDzPAP
2092,ID_S3G4SSTJ,top,t_id_KysHzQQK
2093,ID_1HSQYZPE,top,t_id_DbmclTcj
2094,ID_1UZD2RB5,top,t_id_15bo4NKD
2095,ID_2GM0SK7V,left,t_id_mpuNp8mf
2096,ID_IXA0L1M0,left,t_id_uJXT7dGu
2097,ID_XWEJQI2A,top,t_id_Kf73l69A
2098,ID_UMZ6SMA6,right,t_id_DPYQnZyv
2099,ID_NS2ERTJK,right,t_id_AMnriNb5
2100,ID_QLXYT50S,right,t_id_Kc1tXDbJ
2101,ID_2OMWS5P4,right,t_id_hRzOoJ2t
2102,ID_OUY837TO,top,t_id_0g31STvR
2103,ID_1Q7KV157,top,t_id_WXXcPTSW
2104,ID_BPRJ7WOD,left,t_id_e9i3Lbq4
2105,ID_SC9XGO7W,top,t_id_e9i3Lbq4
2106,ID_ICWTYDQB,top,t_id_tjWepji1
2107,ID_LXZQC7HI,right,t_id_bYageLYA
2108,ID_9ID0GL6X,right,t_id_G5eoqwD8
2109,ID_YZOQKOUX,top,t_id_BI99coHt
2110,ID_VB3AX05S,top,t_id_J24awAHQ
2111,ID_0LHYKDEU,top,t_id_g9Fz8PH7
2112,ID_A93JG16E,right,t_id_G5eoqwD8
2113,ID_UNXGGHWX,right,t_id_dc6pjonY
2114,ID_JUVSIMFU,top,t_id_gGQbn7FA
2115,ID_OTD4A4JG,top,t_id_VFb44eFm
2116,ID_6J0PC57A,right,t_id_HcnnlRda
2117,ID_GX18SD9K,right,t_id_dVQ4x3wz
2118,ID_KOGRLQUV,Right,t_id_3b65X5Lw
2119,ID_PSV6BUWY,left,t_id_pCO59rOk
2120,ID_C1G38ELN,top,t_id_87CLFCvE
2121,ID_1V0SE83T,left,t_id_8b8sprYe
2122,ID_IBWYR0EA,right,t_id_niEvmwXu
2123,ID_5JTLGUUD,top,t_id_hRzOoJ2t
2124,ID_EN9YF5QI,right,t_id_stWei2Uq
2125,ID_LFVG5RUM,right,t_id_Dv4O8bOM
2126,ID_AZ4IKL56,right,t_id_ifWwxWF4
2127,ID_OP8XW057,top,t_id_stWei2Uq
2128,ID_22W82BIH,top,t_id_IP3xtKuX
2129,ID_UWXTPFFZ,top,t_id_C0wevyOl
2130,ID_UFUK46C1,left,t_id_hRzOoJ2t
2131,ID_H2OSAU4N,right,t_id_gJaKYxBQ
2132,ID_4RSKLTX9,left,t_id_3fKmnkBS
2133,ID_O1I8JHUX,top,t_id_GrxmyS59
2134,ID_IEH7W645,left,t_id_ROFhVsy2
2135,ID_KL0BL5JE,top,t_id_WDCMGvI4
2136,ID_HG1PRFJ3,top,t_id_8b8sprYe
2137,ID_DXB4ZXRX,Top,t_id_GOIvCduN
2138,ID_CGAA7VNO,top,t_id_ifWwxWF4
2139,ID_MVUXFVLD,right,t_id_mpuNp8mf
2140,ID_BDMVQH6G,left,t_id_SwQZGIpa
2141,ID_JD58AF27,left,t_id_QqeoI5F3
2142,ID_Y2LJOVUQ,left,t_id_Lhp87PBX
2143,ID_GH1RFB6Z,right,t_id_FBsGDJhU
2144,ID_A4XCXRO9,left,t_id_pCO59rOk
